occ2010,metric,value,z,pctile
0010,AIOE,1.334246,1.33802250518418,0.914798206278027
0020,AIOE,0.5748773,0.584554249390981,0.661434977578475
0040,AIOE,1.294387,1.29847321745654,0.890134529147982
0050,AIOE,1.290656,1.29477120806063,0.883408071748879
0060,AIOE,0,0.0141438591206107,0.523542600896861
0100,AIOE,0.3699139,0.381183455336072,0.614349775784753
0110,AIOE,1.059853,1.06576159278173,0.775784753363229
0120,AIOE,1.44577236040475,1.44868228382547,0.975336322869955
0135,AIOE,1.298235,1.30229131773944,0.899103139013453
0136,AIOE,1.320417,1.32430095923507,0.903587443946188
0137,AIOE,1.284423,1.28858663969699,0.874439461883408
0140,AIOE,0.5086878,0.51887905482894,0.650224215246637
0150,AIOE,1.423426,1.42650955903778,0.964125560538117
0160,AIOE,0.888989796686153,0.896226030175417,0.710762331838565
0205,AIOE,-0.144368330650994,-0.129102701196374,0.491031390134529
0220,AIOE,1.029139,1.03528624660479,0.753363228699552
0230,AIOE,1.15036099820318,1.15556632603118,0.816143497757848
0300,AIOE,0.8370105,0.84465062285158,0.699551569506727
0310,AIOE,-0.1213112,-0.10622472898709,0.493273542600897
0340,AIOE,0.4021726,0.413191498890087,0.625560538116592
0350,AIOE,1.260259,1.26461039873132,0.860986547085202
0360,AIOE,1.327906,1.33173176823159,0.908071748878924
0410,AIOE,1.215396,1.22009599306823,0.840807174887892
0420,AIOE,1.156153,1.16131332283445,0.820627802690583
0425,AIOE,1.030768,1.03690258895428,0.755605381165919
0430,AIOE,0.476937475365024,0.487375436463338,0.645739910313901
0500,AIOE,1.068559,1.0743999454488,0.780269058295964
0540,AIOE,1.25881918774763,1.26318177410343,0.858744394618834
0565,AIOE,0.697959799515219,0.706680373668158,0.681614349775785
0600,AIOE,1.367669,1.37118580189812,0.943946188340807
0630,AIOE,1.35764294325978,1.36123764959142,0.934977578475336
0640,AIOE,1.440985,1.443932122153,0.973094170403587
0650,AIOE,1.198409,1.20324098540047,0.836322869955157
0700,AIOE,1.297303,1.30136655956281,0.894618834080718
0710,AIOE,1.432417,1.43543069719878,0.968609865470852
0725,AIOE,0.3740207,0.385258344692048,0.616591928251121
0726,AIOE,1.242567,1.24705586905227,0.849775784753363
0735,AIOE,1.42494804556475,1.42801977800903,0.966367713004484
0740,AIOE,1.04544079687593,1.05146137531157,0.771300448430493
0800,AIOE,1.48195509354024,1.48458387000546,0.979820627802691
0820,AIOE,1.502988,1.50545334664374,0.986547085201794
0830,AIOE,1.345268,1.34895886207557,0.928251121076233
0840,AIOE,0,0.0141438591206107,0.523542600896861
0850,AIOE,1.400749,1.40400876378954,0.957399103139013
0860,AIOE,1.326652,1.33048751205832,0.905829596412556
0900,AIOE,0.804721788669744,0.812612801161249,0.697309417040359
0910,AIOE,1.38556845494101,1.38894617455247,0.95067264573991
0930,AIOE,1.36682,1.37034339879516,0.941704035874439
0940,AIOE,1.29371,1.29780147787974,0.887892376681614
0950,AIOE,1.36087105529533,1.36444067856131,0.937219730941704
1005,AIOE,1.154269,1.15944396188513,0.818385650224215
1006,AIOE,1.19815,1.20298399788143,0.834080717488789
1007,AIOE,1.250146,1.25457597873108,0.852017937219731
1010,AIOE,1.271506,1.27577000732844,0.86322869955157
1020,AIOE,1.85109341108634,1.85085391019529,0.993273542600897
1030,AIOE,1.69779515709252,1.69874681379683,0.991031390134529
1050,AIOE,0.383831766232843,0.394993177009908,0.621076233183857
1060,AIOE,2.06460612169158,2.06270758502993,0.997757847533632
1105,AIOE,0.7895315,0.797540544023199,0.692825112107623
1106,AIOE,0.5803306,0.589965176177029,0.663677130044843
1107,AIOE,1.92651707882373,1.92569152119455,0.995515695067265
1200,AIOE,1.516474,1.51883455777034,0.988789237668161
1220,AIOE,1.40002,1.40328542826297,0.955156950672646
1240,AIOE,1.18762276189583,1.19253855848859,0.831838565022422
1300,AIOE,1.040765,1.04682191029734,0.76457399103139
1310,AIOE,0.21820257618327,0.230650958355003,0.582959641255605
1320,AIOE,1.338738,1.34247960146037,0.917040358744395
1340,AIOE,0.96419375,0.970845633975439,0.730941704035875
1350,AIOE,1.341336,1.3450574144892,0.92152466367713
1360,AIOE,1.2824220443852,1.28660123190101,0.869955156950673
1400,AIOE,1.141812,1.14708375522608,0.807174887892377
1410,AIOE,0.896648589518677,0.903825312680744,0.7152466367713
1420,AIOE,1.34223626964693,1.34595068886384,0.923766816143498
1430,AIOE,1.13192891344056,1.13727746219373,0.800448430493274
1440,AIOE,0.547217015301786,0.557108890547105,0.65695067264574
1450,AIOE,1.037278,1.04336200497342,0.757847533632287
1460,AIOE,1.004709,1.01104607251146,0.744394618834081
1520,AIOE,1.2973645,1.30142758169571,0.896860986547085
1530,AIOE,1.04522883173586,1.05125105718234,0.769058295964126
1540,AIOE,0.893752823638124,0.900952047470834,0.713004484304933
1550,AIOE,0.333010342259729,0.344566645500316,0.609865470852018
1560,AIOE,0.0852323707504679,0.098713957580653,0.54932735426009
1600,AIOE,0.732040277960526,0.740496040090522,0.688340807174888
1610,AIOE,0.951565889846303,0.958315894779701,0.726457399103139
1640,AIOE,0.0407342773779218,0.0545616231487291,0.540358744394619
1650,AIOE,1.29060917632332,1.29472474821313,0.881165919282511
1700,AIOE,1.34764349170306,1.35131589574071,0.930493273542601
1710,AIOE,1.373917,1.37738525370881,0.948430493273543
1720,AIOE,0.549481659587246,0.559355938100893,0.659192825112108
1740,AIOE,0.85674966937655,0.86423641499834,0.70627802690583
1760,AIOE,1.140157,1.1454416149017,0.804932735426009
1800,AIOE,1.403764,1.40700033664633,0.959641255605381
1820,AIOE,0.978655243582797,0.98519475890776,0.733183856502242
1840,AIOE,1.227516,1.23212181828359,0.845291479820628
1860,AIOE,1.37009238135016,1.37359035309838,0.946188340807175
1900,AIOE,0.095582989848302,0.108984150331585,0.556053811659193
1910,AIOE,0.3012355,0.313038700016729,0.600896860986547
1920,AIOE,0.0628057,0.076461546474423,0.542600896860987
1930,AIOE,0.1696743,0.182499756425743,0.571748878923767
1965,AIOE,0.511180483807383,0.521352369992698,0.652466367713005
2000,AIOE,0.9479547,0.954732764589015,0.724215246636771
2010,AIOE,0.943117166666667,0.949932819841479,0.721973094170404
2015,AIOE,0.5272448,0.537291863287801,0.654708520179372
2016,AIOE,0.4652255,0.475754465451263,0.639013452914798
2025,AIOE,0.375881731943121,0.387104916050808,0.618834080717489
2040,AIOE,1.282559,1.28673712334373,0.87219730941704
2050,AIOE,1.210922,1.2156567569285,0.838565022421525
2100,AIOE,1.328783,1.33260195376904,0.910313901345291
2105,AIOE,1.462973,1.4657492710668,0.977578475336323
2145,AIOE,1.292055,1.29615933755537,0.885650224215247
2160,AIOE,1.0576,1.06352609903501,0.773542600896861
2200,AIOE,1.04226441372859,1.04830967328625,0.766816143497758
2300,AIOE,0.098889250394109,0.112264720582436,0.558295964125561
2310,AIOE,1.00659298695732,1.01291542051943,0.746636771300449
2320,AIOE,1.11874410167036,1.12419509900513,0.795964125560538
2330,AIOE,0.65203115800663,0.661108606740673,0.677130044843049
2340,AIOE,0.790560047876719,0.798561099880546,0.695067264573991
2400,AIOE,0.389625974845679,0.400742363481797,0.623318385650224
2430,AIOE,1.48284201349361,1.48546389841629,0.982062780269058
2440,AIOE,0.037965,0.0518138636008965,0.538116591928251
2540,AIOE,1.111356,1.11686440433838,0.791479820627803
2550,AIOE,1.2794654553968,1.28366761619076,0.867713004484305
2600,AIOE,0.659987222971402,0.669002851515292,0.679372197309417
2630,AIOE,0.279911171428571,0.291880065673918,0.594170403587444
2700,AIOE,0.1590935,0.172001171323544,0.569506726457399
2710,AIOE,0.938756515228338,0.945606051522796,0.719730941704036
2720,AIOE,-0.576676966666667,-0.558052214052337,0.356502242152466
2740,AIOE,-2.36932707365893,-2.33677307700462,0.00448430493273543
2750,AIOE,0.439478806383702,0.450207828710094,0.636771300448431
2800,AIOE,0.8493547,0.856898905988826,0.704035874439462
2810,AIOE,2.34624068241498,2.34215378980416,1
2825,AIOE,1.284927,1.28908672351782,0.876681614349776
2830,AIOE,1.128221,1.13359835997014,0.798206278026906
2840,AIOE,1.184001,1.18894493839528,0.829596412556054
2850,AIOE,0.9879274,0.99439486884528,0.737668161434978
2860,AIOE,1.111319,1.11682769183566,0.789237668161435
2900,AIOE,0.0758565188177718,0.0894109578621976,0.544843049327354
2910,AIOE,-0.1680973,-0.152647291784801,0.484304932735426
2920,AIOE,0.328467029369842,0.340058635045492,0.60762331838565
3000,AIOE,-0.1911757,-0.175546368076064,0.464125560538117
3010,AIOE,-0.169477653780165,-0.154016919944506,0.482062780269058
3030,AIOE,1.342809,1.34651896898939,0.926008968609865
3040,AIOE,0.5040194,0.51424692921546,0.647982062780269
3050,AIOE,0.6058705,0.615306626128987,0.665919282511211
3060,AIOE,0.436031538768313,0.446787347042335,0.634529147982063
3110,AIOE,0.1059147,0.119235581062613,0.562780269058296
3120,AIOE,0.6279185,0.637183308830984,0.672645739910314
3140,AIOE,0.6329063,0.642132352643621,0.674887892376682
3150,AIOE,0.1151615,0.128410531607281,0.565022421524664
3160,AIOE,-0.3581922,-0.341265117010126,0.423766816143498
3200,AIOE,-0.2189393,-0.203094239441503,0.452914798206278
3210,AIOE,0.217916197879135,0.230366805266636,0.580717488789238
3220,AIOE,-0.1880507,-0.172445649940916,0.468609865470852
3230,AIOE,1.146267,1.15150413899954,0.81390134529148
3245,AIOE,-0.0331901,-0.0187883472721493,0.506726457399103
3250,AIOE,-0.0749958,-0.0602692087577672,0.502242152466368
3255,AIOE,0.2294097,0.241771000614645,0.589686098654709
3256,AIOE,0.2413191,0.253587862233439,0.591928251121076
3258,AIOE,0.19334185,0.20598340490559,0.576233183856502
3260,AIOE,0.708138465434736,0.716779949350801,0.68609865470852
3310,AIOE,-0.416508,-0.399127791770338,0.403587443946188
3320,AIOE,-0.182728947522147,-0.167165248526886,0.475336322869955
3400,AIOE,0,0.0141438591206107,0.523542600896861
3420,AIOE,-0.207510777140979,-0.191754518453688,0.457399103139013
3500,AIOE,-0.5137373,-0.495601600979216,0.387892376681614
3510,AIOE,0,0.0141438591206107,0.523542600896861
3520,AIOE,0.1013966,0.114752587588561,0.560538116591928
3535,AIOE,-0.367401117741082,-0.35040247964848,0.417040358744395
3540,AIOE,0.428345267476847,0.439160799591098,0.632286995515695
3600,AIOE,-1.05689571794813,-1.03453957115204,0.183856502242152
3610,AIOE,-0.358662535286335,-0.341731797698747,0.42152466367713
3620,AIOE,-0.632605419023813,-0.613546091330597,0.345291479820628
3630,AIOE,-1.410233,-1.38513135300231,0.0650224215246637
3640,AIOE,-0.5268759,-0.508638111472162,0.378923766816143
3645,AIOE,0.1497917,0.162771648139697,0.567264573991031
3646,AIOE,1.06259,1.06847732575322,0.778026905829596
3647,AIOE,-0.1552654,-0.139915098172511,0.488789237668162
3648,AIOE,-0.7735824,-0.753427653427005,0.29372197309417
3649,AIOE,-0.2778475,-0.261544711137159,0.439461883408072
3655,AIOE,-0.00405938998983606,0.0101160113896914,0.515695067264574
3700,AIOE,-0.5584278,-0.539944847001242,0.365470852017937
3710,AIOE,-0.1923298,-0.176691500491992,0.461883408071749
3720,AIOE,-0.593020707765603,-0.57426896106726,0.352017937219731
3740,AIOE,-1.3202314747178,-1.2958291572796,0.0941704035874439
3750,AIOE,0.0170037965864472,0.0310155328620392,0.531390134529148
3800,AIOE,-0.6989274,-0.679352737465574,0.322869955156951
3820,AIOE,0.225591559894312,0.237982528208808,0.585201793721973
3840,AIOE,-0.54125495,-0.522905433424546,0.37219730941704
3850,AIOE,-0.667305350765938,-0.647976397775783,0.331838565022422
3900,AIOE,-0.5946321,-0.57586783246695,0.349775784753363
3910,AIOE,0.7483108,0.756640136972481,0.690582959641256
3930,AIOE,-0.38190087757096,-0.364789573491614,0.410313901345292
3940,AIOE,-0.5699511,-0.551378608693002,0.360986547085202
3945,AIOE,-0.5068558,-0.488773571588169,0.390134529147982
3955,AIOE,-0.0888457756027888,-0.074011567325103,0.497757847533632
4000,AIOE,-0.2676433,-0.251419799778862,0.441704035874439
4010,AIOE,-0.2575492,-0.241404132921903,0.446188340807175
4020,AIOE,-0.709167651821364,-0.689513420515489,0.318385650224215
4030,AIOE,-1.226416,-1.2027426472588,0.112107623318386
4040,AIOE,-0.6159883,-0.597058090591061,0.347533632286996
4050,AIOE,-1.01257358772347,-0.990561832599714,0.199551569506726
4110,AIOE,-0.9481003,-0.926589515007147,0.230941704035874
4120,AIOE,-0.7270206,-0.707227647774162,0.307174887892377
4130,AIOE,-1.927078,-1.89796036566169,0.00896860986547085
4140,AIOE,-1.738612,-1.71095878356288,0.0269058295964126
4150,AIOE,-0.0565477,-0.0419644541244797,0.504484304932736
4200,AIOE,-0.5854128,-0.566720168241872,0.354260089686099
4210,AIOE,-0.5548871,-0.536431658936884,0.369955156950673
4220,AIOE,-1.436201,-1.41089757653304,0.0605381165919283
4230,AIOE,-1.480657,-1.45500814466621,0.0515695067264574
4240,AIOE,-0.7255374,-0.705755972529986,0.309417040358744
4250,AIOE,-1.47870716666667,-1.45307346192151,0.0560538116591928
4320,AIOE,0.315447292414493,0.327140064007953,0.605381165919282
4340,AIOE,-0.9167759,-0.895508511758305,0.237668161434978
4350,AIOE,-0.8890408,-0.867988918942259,0.246636771300448
4400,AIOE,0.0945383689114595,0.107947646304954,0.553811659192825
4420,AIOE,-0.2420959,-0.22607090810338,0.45067264573991
4430,AIOE,-0.51596943150789,-0.497816388386112,0.385650224215247
4460,AIOE,-0.56332240476751,-0.544801419726682,0.36322869955157
4465,AIOE,-0.1903759,-0.174752782679427,0.466367713004484
4500,AIOE,-0.7294621,-0.709650176838791,0.304932735426009
4510,AIOE,-0.6824517,-0.663005056896211,0.329596412556054
4520,AIOE,-0.337831043352443,-0.321062170555832,0.430493273542601
4530,AIOE,-0.0249871904004242,-0.0106491758941064,0.511210762331839
4600,AIOE,-0.3834794,-0.366355830490803,0.408071748878924
4620,AIOE,-1.1780317,-1.15473430278953,0.141255605381166
4640,AIOE,0.4746119,0.485067931276463,0.643497757847534
4700,AIOE,0.0191826,0.0331774065443834,0.533632286995516
4710,AIOE,1.316195,1.32011176500576,0.901345291479821
4720,AIOE,-0.246718949443842,-0.230658035543446,0.448430493273543
4740,AIOE,0.0784367,0.0919710905289824,0.547085201793722
4750,AIOE,-0.1184909,-0.103426343272991,0.495515695067265
4760,AIOE,0.0873069,0.100772367329747,0.551569506726457
4800,AIOE,1.162588,1.16769832161835,0.822869955156951
4810,AIOE,1.341258,1.34498002056455,0.919282511210762
4820,AIOE,1.25598738585835,1.260371975872,0.854260089686099
4830,AIOE,1.133598,1.1389335796222,0.802690582959641
4840,AIOE,0,0.0141438591206107,0.523542600896861
4850,AIOE,0.844252441002416,0.851836292547536,0.701793721973094
4900,AIOE,0.0285297440673132,0.0424519214632182,0.535874439461883
4920,AIOE,0.923731639493734,0.930697922028834,0.717488789237668
4930,AIOE,1.145416,1.15065975143698,0.811659192825112
4940,AIOE,1.118129,1.12358477679577,0.79372197309417
4950,AIOE,1.107101,1.11264246652556,0.786995515695067
5000,AIOE,1.038688,1.044761048996,0.760089686098655
5010,AIOE,0.9832644,0.989768101272738,0.73542600896861
5020,AIOE,1.019712,1.02593249624958,0.751121076233184
5100,AIOE,1.271991,1.27625123878302,0.865470852017937
5110,AIOE,1.33345436469931,1.33723702104553,0.912556053811659
5120,AIOE,1.039749,1.04581380481724,0.762331838565022
5130,AIOE,0.4026518,0.413666975411804,0.62780269058296
5140,AIOE,1.257632,1.26200381103819,0.856502242152466
5150,AIOE,1.487838,1.49042106512455,0.984304932735426
5160,AIOE,0.4727723,0.48324262533041,0.641255605381166
5200,AIOE,1.144877,1.15012493957303,0.809417040358744
5220,AIOE,1.1662664333613,1.17134817282869,0.825112107623319
5230,AIOE,1.44029472563454,1.44324721135518,0.97085201793722
5240,AIOE,0.952839637893328,0.959579745553787,0.728699551569507
5250,AIOE,1.226286,1.23090137562559,0.84304932735426
5260,AIOE,0.2839743,0.295911622936916,0.596412556053812
5300,AIOE,0.6063127,0.615745390147983,0.668161434977579
5310,AIOE,1.297031,1.30109667305633,0.89237668161435
5320,AIOE,0.2038919,0.21645147894134,0.57847533632287
5330,AIOE,1.364395,1.36793724152228,0.939461883408072
5340,AIOE,1.174998,1.18001189347664,0.827354260089686
5350,AIOE,0.99432205,1.00073983115662,0.742152466367713
5360,AIOE,1.353098,1.356728021435,0.932735426008969
5400,AIOE,1.013186,1.01945720455358,0.748878923766816
5410,AIOE,0.227312,0.239689600156373,0.587443946188341
5500,AIOE,1.405415,1.40863850805149,0.961883408071749
5510,AIOE,-0.9591126,-0.937516247269447,0.221973094170404
5520,AIOE,1.0709841,1.07680620194466,0.782511210762332
5530,AIOE,-0.9723772,-0.950677778717602,0.2152466367713
5540,AIOE,-0.5186997,-0.500525442154851,0.381165919282511
5550,AIOE,-1.064715,-1.0422980958439,0.177130044843049
5560,AIOE,-1.185001,-1.16164944995731,0.132286995515695
5600,AIOE,0.6999103,0.708615718380407,0.683856502242152
5610,AIOE,-0.7463213,-0.726378377537698,0.300448430493274
5620,AIOE,-0.789294234544439,-0.769017403925689,0.286995515695067
5630,AIOE,-0.1860789,-0.170489171214873,0.47085201793722
5700,AIOE,1.1028055,1.10838034340571,0.7847533632287
5810,AIOE,0.3108081,0.322536919031295,0.603139013452915
5820,AIOE,0.6219606,0.631271702886217,0.670403587443946
5840,AIOE,1.24020011931325,1.24470737949414,0.847533632286996
5850,AIOE,-0.8184676,-0.797964086591723,0.278026905829596
5860,AIOE,0.9888986,0.995358522430194,0.739910313901345
5900,AIOE,-0.5171404,-0.498978258222647,0.383408071748879
5910,AIOE,1.288375,1.29250793187942,0.878923766816144
5920,AIOE,1.38784633261001,1.3912063526638,0.952914798206278
5940,AIOE,0.3437743,0.355246965171107,0.612107623318386
6005,AIOE,-0.479184056671616,-0.461316843149936,0.394618834080717
6010,AIOE,0.1704867,0.183305843917901,0.573991031390135
6040,AIOE,-1.370968,-1.34617144977781,0.0807174887892377
6050,AIOE,-1.27469672740104,-1.25064822390857,0.105381165919283
6120,AIOE,-1.064205,-1.04179205864424,0.179372197309417
6130,AIOE,-1.05413496209085,-1.03180026691095,0.188340807174888
6200,AIOE,-0.3054048,-0.288887885494187,0.432735426008969
6210,AIOE,-1.097532,-1.07486010129706,0.161434977578475
6220,AIOE,-1.85988759627429,-1.83129204459282,0.0134529147982063
6230,AIOE,-1.32363024236254,-1.29920151583102,0.0919282511210762
6240,AIOE,-1.33575960754443,-1.31123663345896,0.0874439461883408
6250,AIOE,-1.77739758496226,-1.74944299689881,0.0201793721973094
6260,AIOE,-1.622988,-1.59623320479221,0.0358744394618834
6320,AIOE,-0.910235468225255,-0.889018900425297,0.239910313901345
6330,AIOE,-1.63392527148847,-1.60708549152927,0.031390134529148
6355,AIOE,-0.7796905,-0.75948829228822,0.291479820627803
6360,AIOE,-1.388901,-1.36396510683944,0.0762331838565022
6400,AIOE,-1.47903619486381,-1.45339993350483,0.0538116591928251
6420,AIOE,-1.58892974656624,-1.56243959068868,0.047085201793722
6440,AIOE,-1.17260246146316,-1.14934725050434,0.145739910313901
6460,AIOE,-1.755588,-1.7278028767028,0.0224215246636771
6515,AIOE,-1.752941,-1.72517644441361,0.0246636771300448
6520,AIOE,-1.174972,-1.15169837726054,0.143497757847534
6530,AIOE,-1.780065,-1.75208968559689,0.0179372197309417
6600,AIOE,-1.62025955269379,-1.5935259580584,0.0381165919282511
6660,AIOE,0.285348343101124,0.297274989452798,0.598654708520179
6700,AIOE,-0.8604742,-0.839644287044813,0.260089686098655
6710,AIOE,-1.902113,-1.87318934862362,0.0112107623318386
6720,AIOE,-0.6887439,-0.669248365264204,0.327354260089686
6730,AIOE,-1.27909,-1.25500735991505,0.103139013452915
6740,AIOE,-1.39906,-1.37404516941063,0.0717488789237668
6765,AIOE,-1.0773801,-1.054864785525,0.172645739910314
6800,AIOE,-1.26227762625641,-1.23832562162332,0.109865470852018
6820,AIOE,-0.7018391,-0.682241812983689,0.320627802690583
6830,AIOE,-1.46900546155846,-1.44344714097083,0.0582959641255605
6840,AIOE,-1.59702854368519,-1.57047545856055,0.0448430493273543
6940,AIOE,-1.61240371428571,-1.58573116106041,0.0403587443946188
7000,AIOE,-0.0205169,-0.00621362052963496,0.513452914798206
7010,AIOE,-0.3458247,-0.328993714918464,0.428251121076233
7020,AIOE,-0.837795950047398,-0.817142251556348,0.269058295964126
7030,AIOE,-0.1728535,-0.157366535175006,0.477578475336323
7040,AIOE,-0.8106341,-0.790191454427985,0.280269058295964
7100,AIOE,-0.659152001914971,-0.63988640204958,0.334080717488789
7110,AIOE,-0.7915968,-0.771302077994624,0.2847533632287
7120,AIOE,-0.571284,-0.55270115179775,0.358744394618834
7130,AIOE,-0.6926484,-0.673122526530984,0.325112107623318
7140,AIOE,-0.6551197,-0.635885431913855,0.336322869955157
7150,AIOE,-1.180589,-1.15727173206538,0.139013452914798
7160,AIOE,-1.202285,-1.17879914987663,0.123318385650224
7200,AIOE,-0.954705055554415,-0.9331429503114,0.228699551569507
7210,AIOE,-1.010472,-0.988476574626349,0.201793721973094
7220,AIOE,-1.1972736591633,-1.17382674814423,0.12780269058296
7240,AIOE,-0.866335821406896,-0.845460362500089,0.255605381165919
7260,AIOE,-1.40842106861949,-1.38333350068513,0.0672645739910314
7300,AIOE,-0.993168610441981,-0.971307635809684,0.208520179372197
7315,AIOE,-0.849111161996313,-0.828369542082123,0.262331838565022
7320,AIOE,-0.9703799,-0.948695998131576,0.217488789237668
7330,AIOE,-1.13344816726551,-1.11049719287632,0.154708520179372
7340,AIOE,-1.014408,-0.992381991131931,0.197309417040359
7350,AIOE,-0.9735492,-0.951840672047008,0.213004484304933
7360,AIOE,-1.266085,-1.24210341132382,0.10762331838565
7410,AIOE,-1.081398,-1.05885146565147,0.170403587443946
7420,AIOE,-1.083883,-1.06131715671254,0.165919282511211
7430,AIOE,-0.286956111278088,-0.270582546713472,0.437219730941704
7510,AIOE,-0.7233995,-0.703634684433623,0.311659192825112
7540,AIOE,-0.8657498,-0.844878894594825,0.257847533632287
7560,AIOE,-1.221519,-1.19788369791229,0.114349775784753
7610,AIOE,-1.346555,-1.32194814359113,0.0852017937219731
7630,AIOE,-1.3502422214682,-1.32560671462305,0.0829596412556054
7700,AIOE,-0.0845282,-0.0697275401342423,0.5
7710,AIOE,-0.8684706,-0.847578553443501,0.251121076233184
7720,AIOE,-0.8289722,-0.808387063782915,0.275784753363229
7730,AIOE,-0.9561453,-0.934572003774271,0.226457399103139
7740,AIOE,-1.076307,-1.05380002372314,0.174887892376682
7750,AIOE,-1.20470531802667,-1.18120066155603,0.121076233183857
7800,AIOE,-0.3852989,-0.368161192617811,0.405829596412556
7810,AIOE,-1.19270057767834,-1.16928920040217,0.130044843049327
7830,AIOE,-0.758859,-0.738818657141873,0.298206278026906
7840,AIOE,-0.3791114,-0.362021770710218,0.412556053811659
7850,AIOE,-0.5559894,-0.537525393849004,0.367713004484305
7900,AIOE,-1.85700318999316,-1.82843005071601,0.015695067264574
7920,AIOE,-1.16196321611404,-1.13879067418488,0.150224215246637
7950,AIOE,-0.993257522525597,-0.971395857028917,0.20627802690583
8030,AIOE,-0.8675535,-0.846668579490942,0.253363228699552
8040,AIOE,-1.13218079701835,-1.10923967034534,0.15695067264574
8100,AIOE,-0.94561776588459,-0.924126270670258,0.233183856502242
8130,AIOE,-0.5317897,-0.513513730279358,0.374439461883408
8140,AIOE,-1.18220813786486,-1.15887828891046,0.136771300448431
8220,AIOE,-0.799996013791446,-0.779636028242344,0.282511210762332
8250,AIOE,0.4107973,0.421749183274155,0.630044843049327
8255,AIOE,-0.7093881,-0.689732155768403,0.31390134529148
8256,AIOE,-0.9062089,-0.88502361942739,0.242152466367713
8300,AIOE,-1.054399,-1.0320622531936,0.18609865470852
8310,AIOE,-1.950063,-1.92076676768933,0.00672645739910314
8320,AIOE,-0.9639661,-0.942332034619508,0.219730941704036
8330,AIOE,-1.00258419156737,-0.980650056017187,0.204035874439462
8350,AIOE,-0.450859061198057,-0.433211938464224,0.399103139013453
8420,AIOE,-1.22043536133039,-1.19680847932836,0.118834080717489
8450,AIOE,-1.313735,-1.28938316144855,0.0964125560538117
8460,AIOE,-0.734634668130631,-0.71478255309733,0.302690582959641
8500,AIOE,-1.327489,-1.30303029016242,0.0896860986547085
8510,AIOE,-1.197727,-1.17427656643343,0.125560538116592
8530,AIOE,-1.165031,-1.14183462078646,0.147982062780269
8540,AIOE,-1.130357,-1.10743004458866,0.159192825112108
8550,AIOE,-0.837890266666667,-0.817235835316929,0.266816143497758
8600,AIOE,-0.21493744335039,-0.199123478005436,0.455156950672646
8610,AIOE,-0.5032496,-0.485195392471699,0.39237668161435
8620,AIOE,-0.44501,-0.427408325622494,0.401345291479821
8630,AIOE,-0.356784062235826,-0.339867920753434,0.426008968609866
8640,AIOE,-0.638774488354166,-0.619667225778472,0.340807174887892
8650,AIOE,-0.892328426508072,-0.871250999945514,0.244394618834081
8710,AIOE,-1.06228369260209,-1.03988568018283,0.181614349775785
8720,AIOE,-1.042151,-1.01990942256342,0.190582959641256
8730,AIOE,-0.9582346,-0.936645069502196,0.224215246636771
8740,AIOE,-0.0293395,-0.0149676671917651,0.508968609865471
8750,AIOE,-0.156006601639861,-0.140650540529797,0.486547085201794
8760,AIOE,-0.262259248261886,-0.24607758318208,0.443946188340807
8800,AIOE,-0.978608,-0.956860164175676,0.210762331838565
8810,AIOE,-2.47930532356562,-2.44589677427102,0.00224215246636771
8830,AIOE,-0.3615806,-0.344627188475449,0.419282511210762
8850,AIOE,-1.311418,-1.28708416499443,0.0986547085201794
8860,AIOE,-1.08351787197266,-1.06095486580181,0.168161434977579
8910,AIOE,-0.6395226,-0.620409524449625,0.338565022421525
8920,AIOE,-1.183408,-1.16006882788073,0.134529147982063
8930,AIOE,-0.8740445,-0.853109143143821,0.248878923766816
8940,AIOE,-1.610915,-1.5842540143776,0.0426008968609865
8950,AIOE,-1.411304,-1.38619403112159,0.062780269058296
8965,AIOE,-0.6372312,-0.618135929078464,0.34304932735426
9000,AIOE,-0.7091902,-0.689535793490341,0.316143497757848
9030,AIOE,-0.198375887884603,-0.182690609084148,0.459641255605381
9040,AIOE,0.867981127868852,0.875380602848338,0.708520179372197
9050,AIOE,-0.7621183,-0.742052631739597,0.295964125560538
9110,AIOE,-0.8298703,-0.809278185369212,0.273542600896861
9120,AIOE,-0.3027265,-0.286230396412149,0.434977578475336
9130,AIOE,-1.09058784953781,-1.06796990825024,0.163677130044843
9140,AIOE,0,0.0141438591206107,0.523542600896861
9200,AIOE,-0.529005710031171,-0.510751372460344,0.376681614349776
9260,AIOE,-1.40317404078623,-1.3781272432905,0.0695067264573991
9300,AIOE,-0.83824805,-0.817590838603367,0.26457399103139
9310,AIOE,-0.457105349891468,-0.439409692265513,0.396860986547085
9350,AIOE,-0.8353891,-0.814754103207373,0.271300448430493
9360,AIOE,-1.221489,-1.1978539310182,0.116591928251121
9410,AIOE,-0.18376,-0.168188289524123,0.473094170403588
9415,AIOE,-0.3752249,-0.358165469579897,0.414798206278027
9420,AIOE,-0.169581029223301,-0.154119492140109,0.479820627802691
9510,AIOE,-1.030619,-1.00846702847237,0.195067264573991
9520,AIOE,-1.144356,-1.12132026960432,0.152466367713004
9560,AIOE,-0.783223959688874,-0.762994296300094,0.289237668161435
9600,AIOE,-1.39869,-1.37367804438343,0.0739910313901345
9610,AIOE,-1.629897,-1.60308852050284,0.0336322869955157
9620,AIOE,-1.70464884626363,-1.67725953021337,0.0291479820627803
9630,AIOE,-1.037413,-1.01520823775564,0.192825112107623
9640,AIOE,-1.51362,-1.48771501567065,0.0493273542600897
9650,AIOE,-0.943415912207644,-0.921941525829603,0.23542600896861
9720,AIOE,-1.283373,-1.25925708016236,0.100896860986547
9750,AIOE,-1.38776,-1.36283297263394,0.07847533632287
0010,ai_applicability_score,0.155502898114603,-0.12280514801151,0.515695067264574
0020,ai_applicability_score,0.121028432684015,-0.464996871920395,0.385650224215247
0040,ai_applicability_score,0.195408880412038,0.273299525580336,0.654708520179372
0050,ai_applicability_score,0.176672548971123,0.0873236888149013,0.600896860986547
0060,ai_applicability_score,0.204906897275185,0.367576339550369,0.679372197309417
0100,ai_applicability_score,0.0748872755428843,-0.922991561847181,0.190582959641256
0110,ai_applicability_score,0.151893514388648,-0.158631700330935,0.502242152466368
0120,ai_applicability_score,0.148803354332256,-0.189304465916826,0.488789237668162
0135,ai_applicability_score,0.141306312276334,-0.26371970958459,0.47085201793722
0136,ai_applicability_score,0.137041787475533,-0.306049157627132,0.452914798206278
0137,ai_applicability_score,0.19292813370863,0.248675764764386,0.650224215246637
0140,ai_applicability_score,0.122058975083806,-0.454767762463836,0.396860986547085
0150,ai_applicability_score,0.105495378486141,-0.619177147876882,0.325112107623318
0160,ai_applicability_score,0.206262033965094,0.381027354794848,0.68609865470852
0205,ai_applicability_score,0.0961190479821949,-0.712246109469479,0.291479820627803
0220,ai_applicability_score,0.145005959674909,-0.226997204815882,0.479820627802691
0230,ai_applicability_score,0.124194827333179,-0.433567405791178,0.410313901345292
0300,ai_applicability_score,0.171991889055344,0.0408637055894451,0.580717488789238
0310,ai_applicability_score,0.100191009387541,-0.671828035524539,0.307174887892377
0340,ai_applicability_score,0.208401975092689,0.402268297456885,0.695067264573991
0350,ai_applicability_score,0.163289089653695,-0.0455198218383983,0.551569506726457
0360,ai_applicability_score,0.11752157510355,-0.499805755132183,0.367713004484305
0410,ai_applicability_score,0.139337876336806,-0.283258300803862,0.461883408071749
0420,ai_applicability_score,0.155815195141187,-0.119705304212235,0.522421524663677
0425,ai_applicability_score,0.200344931661985,0.322294509706279,0.670403587443946
0430,ai_applicability_score,0.182171744493932,0.141908413264092,0.616591928251121
0500,ai_applicability_score,0.268875985768854,1.00253013492109,0.825112107623319
0540,ai_applicability_score,0.208664631910265,0.404875415162123,0.697309417040359
0565,ai_applicability_score,0.200340391684645,0.322249446130876,0.668161434977579
0600,ai_applicability_score,0.254736053171769,0.862177910429188,0.791479820627803
0630,ai_applicability_score,0.19189819700639,0.238452667429756,0.641255605381166
0640,ai_applicability_score,0.167153233144543,-0.00716453754177099,0.562780269058296
0650,ai_applicability_score,0.241747642458221,0.73325563136284,0.762331838565022
0700,ai_applicability_score,0.162317385719172,-0.0551649037948701,0.54932735426009
0710,ai_applicability_score,0.352892303786467,1.83647167222524,0.95067264573991
0725,ai_applicability_score,0.146507932737985,-0.212088699483048,0.484304932735426
0726,ai_applicability_score,0.125194330265994,-0.423646392445216,0.412556053811659
0735,ai_applicability_score,0.349733701628935,1.80511955395659,0.948430493273543
0740,ai_applicability_score,0.223471005757547,0.551842700321101,0.726457399103139
0800,ai_applicability_score,0.203248094957162,0.351111155312161,0.677130044843049
0820,ai_applicability_score,0.23408584861986,0.657205070200061,0.746636771300449
0830,ai_applicability_score,0.161632336269946,-0.0619646684631678,0.544843049327354
0840,ai_applicability_score,0.278354753130511,1.09661587935554,0.838565022421525
0850,ai_applicability_score,0.355225348870009,1.85962935455977,0.952914798206278
0860,ai_applicability_score,0.160955176461281,-0.0686861209757684,0.540358744394619
0900,ai_applicability_score,0.189058175625467,0.210262765131405,0.632286995515695
0910,ai_applicability_score,0.250730381108514,0.822417820994337,0.782511210762332
0930,ai_applicability_score,0.339925026593254,1.70775916336607,0.939461883408072
0940,ai_applicability_score,0.311601502326665,1.42662135673428,0.890134529147982
0950,ai_applicability_score,0.249418300491841,0.809394178059808,0.778026905829596
1005,ai_applicability_score,0.169258972369426,0.0137369188395056,0.565022421524664
1006,ai_applicability_score,0.315429539801876,1.46461825462578,0.896860986547085
1007,ai_applicability_score,0.221961127179777,0.536855725266761,0.717488789237668
1010,ai_applicability_score,0.310031788156486,1.41104045674848,0.887892376681614
1020,ai_applicability_score,0.305801281546258,1.36904867146971,0.876681614349776
1030,ai_applicability_score,0.323576159424594,1.54548117092946,0.912556053811659
1050,ai_applicability_score,0.336132552052531,1.67011526128487,0.934977578475336
1060,ai_applicability_score,0.306706132695452,1.37803017620825,0.881165919282511
1105,ai_applicability_score,0.26630842887365,0.977044700724197,0.822869955156951
1106,ai_applicability_score,0.257296197919939,0.887589772045908,0.804932735426009
1107,ai_applicability_score,0.299461454489229,1.30611988278995,0.87219730941704
1200,ai_applicability_score,0.158147798870833,-0.0965520027331687,0.533632286995516
1220,ai_applicability_score,0.307495564685573,1.38586603646697,0.883408071748879
1240,ai_applicability_score,0.345676803707768,1.76485099936039,0.946188340807175
1300,ai_applicability_score,0.196669674052447,0.285814096695979,0.661434977578475
1310,ai_applicability_score,0.154520574297331,-0.132555642363503,0.511210762331839
1320,ai_applicability_score,0.195530635640422,0.274508061549648,0.65695067264574
1340,ai_applicability_score,0.230560185628564,0.62220952547312,0.742152466367713
1350,ai_applicability_score,0.196268253095594,0.281829613469829,0.659192825112108
1360,ai_applicability_score,0.205382386391981,0.372296019421955,0.681614349775785
1400,ai_applicability_score,0.321932708498892,1.52916836380101,0.910313901345291
1410,ai_applicability_score,0.191854493183939,0.238018865595292,0.639013452914798
1420,ai_applicability_score,0.208284268980206,0.401099952798242,0.692825112107623
1430,ai_applicability_score,0.257256568917013,0.887196416654943,0.802690582959641
1440,ai_applicability_score,0.205678879643531,0.375238995784547,0.683856502242152
1450,ai_applicability_score,0.186753524593885,0.187386920657662,0.62780269058296
1460,ai_applicability_score,0.264749880218246,0.961574629048618,0.818385650224215
1520,ai_applicability_score,0.216665584057195,0.484292443791121,0.708520179372197
1530,ai_applicability_score,0.215105767711868,0.468809789092283,0.70627802690583
1540,ai_applicability_score,0.227163268059971,0.588491901015286,0.73542600896861
1550,ai_applicability_score,0.207615138800639,0.394458201960183,0.688340807174888
1560,ai_applicability_score,0.2219576064079,0.536820778270973,0.7152466367713
1600,ai_applicability_score,0.234677571839083,0.663078483636166,0.748878923766816
1610,ai_applicability_score,0.242218911761651,0.737933425589724,0.76457399103139
1640,ai_applicability_score,0.154229706508048,-0.135442780684611,0.508968609865471
1650,ai_applicability_score,0.202360153562017,0.342297495899618,0.674887892376682
1700,ai_applicability_score,0.245982450664385,0.775290114055787,0.769058295964126
1710,ai_applicability_score,0.32143384465593,1.52421666763149,0.905829596412556
1720,ai_applicability_score,0.255507364922238,0.86983391014572,0.79372197309417
1740,ai_applicability_score,0.174361886876726,0.0643881788489858,0.589686098654709
1760,ai_applicability_score,0.169952523471548,0.0206210704656421,0.576233183856502
1800,ai_applicability_score,0.327738909405116,1.58680040747874,0.92152466367713
1820,ai_applicability_score,0.211655867669182,0.434566263393616,0.699551569506727
1840,ai_applicability_score,0.329807549154752,1.60733361642725,0.928251121076233
1860,ai_applicability_score,0.248718774711912,0.802450722097177,0.773542600896861
1900,ai_applicability_score,0.12056235524904,-0.469623131935071,0.383408071748879
1910,ai_applicability_score,0.091298716107831,-0.760092469182369,0.269058295964126
1920,ai_applicability_score,0.1568241823281,-0.109690150660779,0.526905829596413
1930,ai_applicability_score,0.157306305406526,-0.104904622436272,0.531390134529148
1965,ai_applicability_score,0.177076614890111,0.0913344257955659,0.603139013452915
2000,ai_applicability_score,0.262721893383882,0.941444938790978,0.81390134529148
2010,ai_applicability_score,0.22269166565202,0.544107011576099,0.719730941704036
2015,ai_applicability_score,0.288475143716106,1.19707034203861,0.856502242152466
2016,ai_applicability_score,0.257612549787856,0.890729863986205,0.807174887892377
2025,ai_applicability_score,0.247112851143257,0.786510409533656,0.771300448430493
2040,ai_applicability_score,0.294758525358763,1.25943885651513,0.86322869955157
2050,ai_applicability_score,0.224633137971062,0.563377963321872,0.730941704035875
2100,ai_applicability_score,0.18025464594518,0.122879394275488,0.612107623318386
2105,ai_applicability_score,0.0738564995251544,-0.933222990183064,0.188340807174888
2145,ai_applicability_score,0.0571226791211703,-1.09932200811128,0.12780269058296
2160,ai_applicability_score,0.138983545452262,-0.286775370458225,0.459641255605381
2200,ai_applicability_score,0.313190028656056,1.44238898521929,0.894618834080718
2300,ai_applicability_score,0.184015882224071,0.160213227018852,0.623318385650224
2310,ai_applicability_score,0.199273253396862,0.311657087822062,0.663677130044843
2320,ai_applicability_score,0.193081508533397,0.250198155178154,0.652466367713005
2330,ai_applicability_score,0.200299863637688,0.321847166876314,0.665919282511211
2340,ai_applicability_score,0.27924035789085,1.10540634545435,0.84304932735426
2400,ai_applicability_score,0.254030391599944,0.85517355092012,0.789237668161435
2430,ai_applicability_score,0.271095618329151,1.02456209053709,0.829596412556054
2440,ai_applicability_score,0.324248895533895,1.5521587140357,0.917040358744395
2540,ai_applicability_score,0.2654258860984,0.968284627727737,0.820627802690583
2550,ai_applicability_score,0.317988884102374,1.49002217104116,0.899103139013453
2600,ai_applicability_score,0.22169895274834,0.534253395700869,0.713004484304933
2630,ai_applicability_score,0.223752441445816,0.55463621610548,0.728699551569507
2700,ai_applicability_score,0.154657111025736,-0.131200386005324,0.513452914798206
2710,ai_applicability_score,0.174555867779169,0.0663136230461154,0.591928251121076
2720,ai_applicability_score,0.16128964158051,-0.0653662378591796,0.542600896860987
2740,ai_applicability_score,0.112323608333739,-0.551400498881403,0.349775784753363
2750,ai_applicability_score,0.118793087275748,-0.487184792435848,0.374439461883408
2800,ai_applicability_score,0.413990709496259,2.44293122183055,0.984304932735426
2810,ai_applicability_score,0.389109704225453,2.19596367701551,0.977578475336323
2825,ai_applicability_score,0.365285300413053,1.95948390249715,0.966367713004484
2830,ai_applicability_score,0.367475529609349,1.98122400187433,0.968609865470852
2840,ai_applicability_score,0.382811010090049,2.13344317154434,0.975336322869955
2850,ai_applicability_score,0.454348179091131,2.8435173345021,0.993273542600897
2860,ai_applicability_score,0.492198965408607,3.21922224129355,1
2900,ai_applicability_score,0.171667280424018,0.0376416574514487,0.57847533632287
2910,ai_applicability_score,0.280099132751599,1.11393049938622,0.845291479820628
2920,ai_applicability_score,0.178739011966252,0.107835291413084,0.609865470852018
3000,ai_applicability_score,0.117137627119002,-0.503616802557656,0.360986547085202
3010,ai_applicability_score,0.0530060732739989,-1.14018322042894,0.103139013452915
3030,ai_applicability_score,0.222718361388226,0.544371992044368,0.721973094170404
3040,ai_applicability_score,0.0663425571139364,-1.00780598588531,0.159192825112108
3050,ai_applicability_score,0.282675200963613,1.13950041646443,0.847533632286996
3060,ai_applicability_score,0.106866221554592,-0.605570231948156,0.329596412556054
3110,ai_applicability_score,0.0510917663480985,-1.15918452991649,0.0919282511210762
3120,ai_applicability_score,0.144069452588041,-0.236292924720618,0.475336322869955
3140,ai_applicability_score,0.155588420252342,-0.121956259787147,0.517937219730942
3150,ai_applicability_score,0.133370982794848,-0.342485371100707,0.441704035874439
3160,ai_applicability_score,0.175245887620562,0.073162723564672,0.594170403587444
3200,ai_applicability_score,0.109846745329002,-0.575985710309374,0.340807174887892
3210,ai_applicability_score,0.0778721247827617,-0.893364105866515,0.204035874439462
3220,ai_applicability_score,0.0665779004457164,-1.00546998039816,0.161434977578475
3230,ai_applicability_score,0.140439505071019,-0.272323592144581,0.466367713004484
3245,ai_applicability_score,0.141500253238032,-0.261794661837193,0.473094170403588
3250,ai_applicability_score,0.162309117595375,-0.0552469727551873,0.547085201793722
3255,ai_applicability_score,0.121784887987919,-0.457488336508167,0.39237668161435
3256,ai_applicability_score,0.0812003251790216,-0.860328564433582,0.213004484304933
3258,ai_applicability_score,0.136311092470248,-0.313301997675182,0.45067264573991
3260,ai_applicability_score,0.0981547247211516,-0.69204008962481,0.295964125560538
3310,ai_applicability_score,0.0666600839026753,-1.00465423174297,0.163677130044843
3320,ai_applicability_score,0.0950567798909105,-0.722790126464953,0.286995515695067
3400,ai_applicability_score,0.0775144937430371,-0.896913932686979,0.201793721973094
3420,ai_applicability_score,0.0838204434453194,-0.834321408842009,0.230941704035874
3500,ai_applicability_score,0.0426866717172248,-1.24261305550587,0.0650224215246637
3510,ai_applicability_score,0.270603688652032,1.01967922253166,0.827354260089686
3520,ai_applicability_score,0.155804790615414,-0.11980857898579,0.520179372197309
3535,ai_applicability_score,0.0994443380643288,-0.679239455660921,0.302690582959641
3540,ai_applicability_score,0.150825072430032,-0.169236998807621,0.497757847533632
3600,ai_applicability_score,0.0289141900504326,-1.37931798146192,0.0426008968609865
3610,ai_applicability_score,0.0989263823501979,-0.68438065673578,0.298206278026906
3620,ai_applicability_score,0.065517213248404,-1.01599830552353,0.152466367713004
3630,ai_applicability_score,0.0118943161548162,-1.54825635124692,0.0134529147982063
3640,ai_applicability_score,0.0558155612596536,-1.11229639100012,0.121076233183857
3645,ai_applicability_score,0.0698489375075638,-0.973001839204877,0.174887892376682
3646,ai_applicability_score,0.0949151126382905,-0.724196308135647,0.2847533632287
3647,ai_applicability_score,0.112401212887319,-0.550630200179425,0.352017937219731
3648,ai_applicability_score,0.0344974365356819,-1.32389897159671,0.0493273542600897
3649,ai_applicability_score,0.0287236350125179,-1.3812094207086,0.0403587443946188
3655,ai_applicability_score,0.0520691981507559,-1.1494825934433,0.0941704035874439
3700,ai_applicability_score,0.135110096972006,-0.325223015588502,0.448430493273543
3710,ai_applicability_score,0.0852902951940878,-0.819731737979259,0.239910313901345
3720,ai_applicability_score,0.0146133016812844,-1.52126784445023,0.0179372197309417
3740,ai_applicability_score,0.0873392959298215,-0.799393464845975,0.248878923766816
3750,ai_applicability_score,0.104181770251635,-0.632215953865371,0.320627802690583
3800,ai_applicability_score,0.174169755223852,0.0624810902054574,0.587443946188341
3820,ai_applicability_score,0.150277813166625,-0.174669065365617,0.495515695067265
3840,ai_applicability_score,0.144890767552105,-0.228140595745685,0.477578475336323
3850,ai_applicability_score,0.1566445485272,-0.111473186285391,0.524663677130045
3900,ai_applicability_score,0.207731324499027,0.395611455068776,0.690582959641256
3910,ai_applicability_score,0.189474584081941,0.214396013487575,0.634529147982063
3930,ai_applicability_score,0.151941971423454,-0.158150718361566,0.504484304932736
3940,ai_applicability_score,0.214080201297745,0.458630071006784,0.704035874439462
3945,ai_applicability_score,0.224759688255351,0.564634094762959,0.733183856502242
3955,ai_applicability_score,0.178036703890055,0.100864218524571,0.60762331838565
4000,ai_applicability_score,0.156879941381669,-0.109136689238649,0.52914798206278
4010,ai_applicability_score,0.139970193011219,-0.276981958874525,0.464125560538117
4020,ai_applicability_score,0.158854259529905,-0.0895397115262725,0.535874439461883
4030,ai_applicability_score,0.149014540720577,-0.187208240975175,0.491031390134529
4040,ai_applicability_score,0.184648589048216,0.166493441553839,0.625560538116592
4050,ai_applicability_score,0.169381021917964,0.0149483762151306,0.569506726457399
4110,ai_applicability_score,0.299202924201395,1.30355372480108,0.869955156950673
4120,ai_applicability_score,0.127582817582824,-0.39993839342994,0.423766816143498
4130,ai_applicability_score,0.0877915660668576,-0.794904255341726,0.255605381165919
4140,ai_applicability_score,0.0175904877428979,-1.49171645277246,0.0224215246636771
4150,ai_applicability_score,0.368070092620087,1.9871256029311,0.97085201793722
4200,ai_applicability_score,0.166878846148579,-0.00988808837843635,0.560538116591928
4210,ai_applicability_score,0.120080765531167,-0.474403366050887,0.381165919282511
4220,ai_applicability_score,0.107553072766487,-0.59875258307872,0.331838565022422
4230,ai_applicability_score,0.0081162949815227,-1.58575678996602,0.00672645739910314
4240,ai_applicability_score,0.117945943779913,-0.49559349405362,0.369955156950673
4250,ai_applicability_score,0.056013754376059,-1.11032913658957,0.123318385650224
4320,ai_applicability_score,0.273164051241445,1.04509324642906,0.831838565022422
4340,ai_applicability_score,0.0576717174456,-1.09387228268749,0.130044843049327
4350,ai_applicability_score,0.249317553076733,0.808394164536042,0.775784753363229
4400,ai_applicability_score,0.335341498985673,1.66226331030404,0.932735426008969
4420,ai_applicability_score,0.253073064796022,0.845671175603004,0.7847533632287
4430,ai_applicability_score,0.306285919324916,1.37385916047596,0.878923766816144
4460,ai_applicability_score,0.182589437605622,0.146054413040124,0.618834080717489
4465,ai_applicability_score,0.112551326893767,-0.54914017647615,0.354260089686099
4500,ai_applicability_score,0.0995660780302392,-0.678031071186117,0.304932735426009
4510,ai_applicability_score,0.0898091566064411,-0.77487775815724,0.262331838565022
4520,ai_applicability_score,0.0845094105184457,-0.827482758045691,0.23542600896861
4530,ai_applicability_score,0.319487760229124,1.50489993634752,0.903587443946188
4600,ai_applicability_score,0.173590083465995,0.0567272989386479,0.582959641255605
4620,ai_applicability_score,0.176310510350103,0.0837301125751811,0.598654708520179
4640,ai_applicability_score,0.147572621413419,-0.201520655897092,0.486547085201794
4700,ai_applicability_score,0.130094836981296,-0.375004221493712,0.430493273542601
4710,ai_applicability_score,0.169450144641854,0.0156344847233808,0.573991031390135
4720,ai_applicability_score,0.329238181864642,1.60168210676332,0.926008968609865
4740,ai_applicability_score,0.357429773822211,1.88151036026066,0.955156950672646
4750,ai_applicability_score,0.257014360897701,0.884792272641744,0.800448430493274
4760,ai_applicability_score,0.336236578059558,1.67114781793895,0.937219730941704
4800,ai_applicability_score,0.362964010517094,1.93644290153399,0.961883408071749
4810,ai_applicability_score,0.239943946392221,0.715352239431358,0.757847533632287
4820,ai_applicability_score,0.231818606733862,0.634700546930506,0.744394618834081
4830,ai_applicability_score,0.255832403588888,0.873060226791651,0.795964125560538
4840,ai_applicability_score,0.459810459044482,2.89773563695768,0.995515695067265
4850,ai_applicability_score,0.328819561199601,1.59752690014169,0.923766816143498
4900,ai_applicability_score,0.364116115541817,1.94787863518816,0.964125560538117
4920,ai_applicability_score,0.278745919216537,1.10049857327523,0.840807174887892
4930,ai_applicability_score,0.313116477313083,1.44165891847182,0.89237668161435
4940,ai_applicability_score,0.404479880985648,2.34852724012412,0.979820627802691
4950,ai_applicability_score,0.318789573219695,1.4979697689502,0.901345291479821
5000,ai_applicability_score,0.245482682580561,0.770329442439205,0.766816143497758
5010,ai_applicability_score,0.345531395151487,1.76340768170707,0.943946188340807
5020,ai_applicability_score,0.417651469581342,2.47926773317845,0.988789237668161
5100,ai_applicability_score,0.238180754798455,0.697850892752979,0.755605381165919
5110,ai_applicability_score,0.229383348070611,0.610528297999777,0.739910313901345
5120,ai_applicability_score,0.27604863080046,1.07372543085086,0.836322869955157
5130,ai_applicability_score,0.222917407999911,0.546347718204003,0.724215246636771
5140,ai_applicability_score,0.235651165205375,0.672742319992629,0.751121076233184
5150,ai_applicability_score,0.256459558501784,0.879285333348666,0.798206278026906
5160,ai_applicability_score,0.297894944227013,1.29057078462546,0.867713004484305
5200,ai_applicability_score,0.412256893779796,2.42572145855949,0.982062780269058
5220,ai_applicability_score,0.282763737886642,1.14037922928844,0.849775784753363
5230,ai_applicability_score,0.192710012295861,0.24651070313618,0.647982062780269
5240,ai_applicability_score,0.440279085040578,2.70386824968343,0.991031390134529
5250,ai_applicability_score,0.283200078780985,1.14471032597064,0.852017937219731
5260,ai_applicability_score,0.30975887770105,1.40833156197515,0.885650224215247
5300,ai_applicability_score,0.273884645340544,1.05224582541555,0.834080717488789
5310,ai_applicability_score,0.240279744571858,0.71868535443518,0.760089686098655
5320,ai_applicability_score,0.189912173812836,0.218739506055468,0.636771300448431
5330,ai_applicability_score,0.295491877395834,1.26671807012043,0.865470852017937
5340,ai_applicability_score,0.359782715361864,1.90486553376819,0.959641255605381
5350,ai_applicability_score,0.32157111664917,1.52557922218961,0.908071748878924
5360,ai_applicability_score,0.229339677396525,0.610094825194239,0.737668161434978
5400,ai_applicability_score,0.287663292047844,1.18901194523823,0.854260089686099
5410,ai_applicability_score,0.415166610725379,2.45460315535332,0.986547085201794
5500,ai_applicability_score,0.213400716517119,0.45188554094524,0.701793721973094
5510,ai_applicability_score,0.145751260013755,-0.219599392997947,0.482062780269058
5520,ai_applicability_score,0.292758918531305,1.23959086470782,0.860986547085202
5530,ai_applicability_score,0.260728237015881,0.9216560109301,0.811659192825112
5540,ai_applicability_score,0.237110085240393,0.6872234832418,0.753363228699552
5550,ai_applicability_score,0.164149083315545,-0.0369835701511397,0.553811659192825
5560,ai_applicability_score,0.0945145319866125,-0.728172450536991,0.282511210762332
5600,ai_applicability_score,0.263056859982176,0.94476979956229,0.816143497757848
5610,ai_applicability_score,0.183862282275955,0.15868860204261,0.621076233183857
5620,ai_applicability_score,0.122967713358421,-0.445747674323568,0.403587443946188
5630,ai_applicability_score,0.0990873342113654,-0.682783057058704,0.300448430493274
5700,ai_applicability_score,0.258578842680181,0.900321236223469,0.809417040358744
5810,ai_applicability_score,0.342846555098757,1.73675810108013,0.941704035874439
5820,ai_applicability_score,0.326035480849935,1.56989226556638,0.919282511210762
5840,ai_applicability_score,0.323955127436624,1.54924278741062,0.914798206278027
5850,ai_applicability_score,0.0893653784902282,-0.779282676311103,0.257847533632287
5860,ai_applicability_score,0.291237103329114,1.22448540734962,0.858744394618834
5900,ai_applicability_score,0.192298040009197,0.242421487967343,0.645739910313901
5910,ai_applicability_score,0.382527484702895,2.13062891351915,0.973094170403587
5920,ai_applicability_score,0.358812154600304,1.8952317988862,0.957399103139013
5940,ai_applicability_score,0.332124060369341,1.6303271844514,0.930493273542601
6005,ai_applicability_score,0.0770972915953997,-0.901055059179745,0.197309417040359
6010,ai_applicability_score,0.089366721512358,-0.779269345544343,0.260089686098655
6040,ai_applicability_score,0.0385030051640548,-1.28413990885104,0.0582959641255605
6050,ai_applicability_score,0.12203689173611,-0.454986960607252,0.394618834080717
6120,ai_applicability_score,0.0798860293189065,-0.873374195757572,0.20627802690583
6130,ai_applicability_score,0.0209443809996434,-1.45842588536271,0.0291479820627803
6200,ai_applicability_score,0.11478188732726,-0.526999751367697,0.356502242152466
6210,ai_applicability_score,0.0411040562320653,-1.25832201326308,0.062780269058296
6220,ai_applicability_score,0.0770095818405703,-0.901925661575861,0.195067264573991
6230,ai_applicability_score,0.0557378988724583,-1.11306726375551,0.118834080717489
6240,ai_applicability_score,0.0629390837045424,-1.04158868327284,0.145739910313901
6250,ai_applicability_score,0.0156597987597301,-1.51088036969562,0.0201793721973094
6260,ai_applicability_score,0.030072808760993,-1.367817593306,0.047085201793722
6320,ai_applicability_score,0.0923340724217471,-0.749815577068342,0.271300448430493
6330,ai_applicability_score,0.043478915418733,-1.23474928634835,0.0695067264573991
6355,ai_applicability_score,0.15093007129493,-0.168194785617672,0.5
6360,ai_applicability_score,0.0530926151156536,-1.13932421067734,0.105381165919283
6400,ai_applicability_score,0.100385387025267,-0.669898653353938,0.31390134529148
6420,ai_applicability_score,0.0927896886634286,-0.745293154306028,0.275784753363229
6440,ai_applicability_score,0.0661008726460815,-1.01020493315438,0.15695067264574
6460,ai_applicability_score,0.10029365698032,-0.670809160937518,0.309417040358744
6515,ai_applicability_score,0.0091029999034675,-1.57596280900032,0.00896860986547085
6520,ai_applicability_score,0.0637663639814827,-1.03337714291721,0.147982062780269
6530,ai_applicability_score,0.0296513369476341,-1.37200110027531,0.0448430493273543
6600,ai_applicability_score,0.0571217872450532,-1.09933086082654,0.125560538116592
6660,ai_applicability_score,0.117502923886895,-0.499990886124079,0.365470852017937
6700,ai_applicability_score,0.0606422258533255,-1.06438717304969,0.141255605381166
6710,ai_applicability_score,0.0688006083534319,-0.983407499046031,0.168161434977579
6720,ai_applicability_score,0.0274026488633871,-1.39432145948817,0.0381165919282511
6730,ai_applicability_score,0.0213537884039159,-1.45436212908109,0.031390134529148
6740,ai_applicability_score,0,-1.66631870548207,0.00336322869955157
6765,ai_applicability_score,0.133919017229509,-0.337045610233765,0.446188340807175
6800,ai_applicability_score,0.0354633571275696,-1.31431129479393,0.0515695067264574
6820,ai_applicability_score,0.052243023240533,-1.14775721477864,0.0964125560538117
6830,ai_applicability_score,0.0358321095789706,-1.31065107742828,0.0560538116591928
6840,ai_applicability_score,0.0489202879332865,-1.18073851002654,0.0896860986547085
6940,ai_applicability_score,0.0358039722275176,-1.31093036729339,0.0538116591928251
7000,ai_applicability_score,0.141086759557996,-0.265898978276322,0.468609865470852
7010,ai_applicability_score,0.159196187575634,-0.0861457517952169,0.538116591928251
7020,ai_applicability_score,0.192191574281996,0.241364714779621,0.643497757847534
7030,ai_applicability_score,0.153263915761793,-0.145029168646495,0.506726457399103
7040,ai_applicability_score,0.123025653141599,-0.445172567094468,0.405829596412556
7100,ai_applicability_score,0.164597246167314,-0.0325351293436263,0.556053811659193
7110,ai_applicability_score,0.103607585481252,-0.637915281584181,0.318385650224215
7120,ai_applicability_score,0.123895971979947,-0.436533828250366,0.408071748878924
7130,ai_applicability_score,0.18087212734758,0.129008482078005,0.614349775784753
7140,ai_applicability_score,0.0691172794291401,-0.98026423866606,0.170403587443946
7150,ai_applicability_score,0.0873416052806276,-0.799370542351787,0.251121076233184
7160,ai_applicability_score,0.025389244091884,-1.41430640895966,0.0358744394618834
7200,ai_applicability_score,0.127513587014304,-0.400625572398289,0.42152466367713
7210,ai_applicability_score,0.109021505813012,-0.584176994179544,0.336322869955157
7220,ai_applicability_score,0.0851817257542177,-0.820809392507878,0.237668161434978
7240,ai_applicability_score,0.058197773793468,-1.0886506751498,0.132286995515695
7260,ai_applicability_score,0.0529135827166611,-1.14110127681837,0.100896860986547
7300,ai_applicability_score,0.127050811196435,-0.405219060735872,0.417040358744395
7315,ai_applicability_score,0.12230769293999,-0.452299002153517,0.399103139013453
7320,ai_applicability_score,0.122377697694601,-0.451604138654896,0.401345291479821
7330,ai_applicability_score,0.109525237738808,-0.5791769776768,0.338565022421525
7340,ai_applicability_score,0.086731789097531,-0.805423545592157,0.244394618834081
7350,ai_applicability_score,0.112171694415995,-0.55290838840918,0.347533632286996
7360,ai_applicability_score,0.0749637418212238,-0.922232561605145,0.192825112107623
7410,ai_applicability_score,0.111648706326247,-0.558099540578749,0.345291479820628
7420,ai_applicability_score,0.165781236032605,-0.0207829084452255,0.558295964125561
7430,ai_applicability_score,0.169433368172006,0.015467962369319,0.571748878923767
7510,ai_applicability_score,0.0832884709720922,-0.839601739527693,0.221973094170404
7540,ai_applicability_score,0.0430189768853844,-1.23931461194957,0.0672645739910314
7560,ai_applicability_score,0.176301487805428,0.0836405552730432,0.596412556053812
7610,ai_applicability_score,0.0625113344294359,-1.04583449999607,0.143497757847534
7630,ai_applicability_score,0.121249418913942,-0.462803374268303,0.387892376681614
7700,ai_applicability_score,0.250194443962888,0.817098137179727,0.780269058295964
7710,ai_applicability_score,0.053736284478856,-1.13293518255839,0.109865470852018
7720,ai_applicability_score,0.0823189516738777,-0.849225136899494,0.217488789237668
7730,ai_applicability_score,0.117316150128937,-0.501844792585519,0.36322869955157
7740,ai_applicability_score,0.0463502419787662,-1.20624865049479,0.0829596412556054
7750,ai_applicability_score,0.0678077082183073,-0.993262973370694,0.165919282511211
7800,ai_applicability_score,0.0905418484383246,-0.767605097713789,0.26457399103139
7810,ai_applicability_score,0.17359048509727,0.0567312855094874,0.585201793721973
7830,ai_applicability_score,0.0639286067182724,-1.03176673007686,0.150224215246637
7840,ai_applicability_score,0.0824150247690521,-0.848271520428625,0.219730941704036
7850,ai_applicability_score,0.0926290853267721,-0.746887294547207,0.273542600896861
7900,ai_applicability_score,0.253214325963767,0.847073326496663,0.786995515695067
7920,ai_applicability_score,0.138591522607346,-0.290666568521428,0.457399103139013
7950,ai_applicability_score,0.106707883732127,-0.607141884815063,0.327354260089686
8030,ai_applicability_score,0.169340592985951,0.0145470807702673,0.567264573991031
8040,ai_applicability_score,0.0724818594910382,-0.946867594592535,0.181614349775785
8100,ai_applicability_score,0.0836314969038578,-0.836196882237806,0.226457399103139
8130,ai_applicability_score,0.0862094989540314,-0.810607769984108,0.242152466367713
8140,ai_applicability_score,0.0834542297716171,-0.837956426434247,0.224215246636771
8220,ai_applicability_score,0.132038471321695,-0.355711809638078,0.434977578475336
8250,ai_applicability_score,0.133171816656908,-0.344462283671638,0.439461883408072
8255,ai_applicability_score,0.119739767465885,-0.477788094845111,0.378923766816143
8256,ai_applicability_score,0.0460310109635029,-1.20941732069965,0.07847533632287
8300,ai_applicability_score,0.0446023861649318,-1.22359777503117,0.0739910313901345
8310,ai_applicability_score,0.0557071016858633,-1.11337295500383,0.116591928251121
8320,ai_applicability_score,0.047212647675826,-1.19768845707338,0.0852017937219731
8330,ai_applicability_score,0.060542058006783,-1.06538143380647,0.139013452914798
8350,ai_applicability_score,0.0597114528876883,-1.0736259763698,0.136771300448431
8420,ai_applicability_score,0.0817221616928238,-0.855148842746059,0.2152466367713
8450,ai_applicability_score,0.0837461385580059,-0.835058955230825,0.228699551569507
8460,ai_applicability_score,0.0540414786992344,-1.12990584083855,0.114349775784753
8500,ai_applicability_score,0.118647524660918,-0.48862963926619,0.37219730941704
8510,ai_applicability_score,0.0842711497031414,-0.829847722320281,0.233183856502242
8530,ai_applicability_score,0.108910642978284,-0.585277412824448,0.334080717488789
8540,ai_applicability_score,0.132617744066078,-0.34996197895795,0.437219730941704
8550,ai_applicability_score,0.149097147716486,-0.186388288294721,0.493273542600897
8600,ai_applicability_score,0.0774196986294358,-0.897854863980219,0.199551569506726
8610,ai_applicability_score,0.100348090599019,-0.670268855711945,0.311659192825112
8620,ai_applicability_score,0,-1.66631870548207,0.00336322869955157
8630,ai_applicability_score,0.065688084619371,-1.01430224531585,0.154708520179372
8640,ai_applicability_score,0.0945005155981154,-0.728311576469268,0.280269058295964
8650,ai_applicability_score,0.07370582107453,-0.934718616529436,0.18609865470852
8710,ai_applicability_score,0.0875338457610325,-0.797462373491932,0.253363228699552
8720,ai_applicability_score,0.0803585735458626,-0.868683746707075,0.210762331838565
8730,ai_applicability_score,0.121563899642196,-0.459681855161531,0.390134529147982
8740,ai_applicability_score,0.0929881871510724,-0.743322868796688,0.278026905829596
8750,ai_applicability_score,0.1193385645342,-0.481770413964957,0.376681614349776
8760,ai_applicability_score,0.0593487833820792,-1.07722581473665,0.134529147982063
8800,ai_applicability_score,0.0200531293260266,-1.46727240242461,0.0269058295964126
8810,ai_applicability_score,0.0534790917894605,-1.13548806361577,0.10762331838565
8830,ai_applicability_score,0.128163705017461,-0.394172535419586,0.426008968609866
8850,ai_applicability_score,0.116166105995218,-0.513260069944379,0.358744394618834
8860,ai_applicability_score,0.0716348017775398,-0.955275444739362,0.179372197309417
8910,ai_applicability_score,0.086996976167943,-0.802791312730843,0.246636771300448
8920,ai_applicability_score,0.0965363929654853,-0.708103565197562,0.29372197309417
8930,ai_applicability_score,0.0908882572911304,-0.764166661728245,0.266816143497758
8940,ai_applicability_score,0.011765050502153,-1.54953943529114,0.0112107623318386
8950,ai_applicability_score,0.0214759054004286,-1.45315000222043,0.0336322869955157
8965,ai_applicability_score,0.105188632197071,-0.622221895348624,0.322869955156951
9000,ai_applicability_score,0.110323886215685,-0.571249635057086,0.34304932735426
9030,ai_applicability_score,0.137567644172867,-0.300829531810095,0.455156950672646
9040,ai_applicability_score,0.18841980823998,0.203926364163362,0.630044843049327
9050,ai_applicability_score,0.301259844204576,1.32397060416498,0.874439461883408
9110,ai_applicability_score,0.0473310262925413,-1.19651343717324,0.0874439461883408
9120,ai_applicability_score,0.201433206091302,0.333096664240151,0.672645739910314
9130,ai_applicability_score,0.130911427122989,-0.366898790856197,0.432735426008969
9140,ai_applicability_score,0.177784125770972,0.0983571414485043,0.605381165919282
9200,ai_applicability_score,0.127305040518753,-0.402695593903665,0.419282511210762
9260,ai_applicability_score,0.072909372584347,-0.942624122197365,0.183856502242152
9300,ai_applicability_score,0.0447181692453328,-1.22244851828746,0.0762331838565022
9310,ai_applicability_score,0.128756556215603,-0.38828792572427,0.428251121076233
9350,ai_applicability_score,0.221438624016816,0.531669386454881,0.710762331838565
9360,ai_applicability_score,0.0441872051865519,-1.22771883950458,0.0717488789237668
9410,ai_applicability_score,0.133552041072766,-0.340688196192409,0.443946188340807
9415,ai_applicability_score,0.472999432962713,3.02864869580571,0.997757847533632
9420,ai_applicability_score,0.125337002893674,-0.42223023147475,0.414798206278027
9510,ai_applicability_score,0.0714135172489954,-0.957471903287774,0.177130044843049
9520,ai_applicability_score,0.102174815910534,-0.652136876705223,0.316143497757848
9560,ai_applicability_score,0.0527040968958803,-1.14318062201639,0.0986547085201794
9600,ai_applicability_score,0.0130958578810665,-1.53632991150322,0.015695067264574
9610,ai_applicability_score,0.0387524681390456,-1.28166375253078,0.0605381165919283
9620,ai_applicability_score,0.0538731657267025,-1.13157650651842,0.112107623318386
9630,ai_applicability_score,0.019375993236474,-1.47399361950255,0.0246636771300448
9640,ai_applicability_score,0.0697238239130596,-0.974243710139004,0.172645739910314
9650,ai_applicability_score,0.0950770755756679,-0.722588672569488,0.289237668161435
9720,ai_applicability_score,0.0461200036995614,-1.20853398349958,0.0807174887892377
9750,ai_applicability_score,0.0799182452502172,-0.873054422124106,0.208520179372197
0010,dv_rating_beta,0.507777777777778,0.750661769480903,0.746636771300449
0020,dv_rating_beta,0.480769230769231,0.632401352213985,0.704035874439462
0040,dv_rating_beta,0.476744186046512,0.614777173161474,0.692825112107623
0050,dv_rating_beta,0.475,0.607140028905386,0.690582959641256
0060,dv_rating_beta,0.554084793768809,0.953423029897916,0.829596412556054
0100,dv_rating_beta,0.395733342744212,0.260060715106805,0.580717488789238
0110,dv_rating_beta,0.53030303030303,0.84929150183326,0.788116591928251
0120,dv_rating_beta,0.485055230669266,0.651168157271054,0.710762331838565
0135,dv_rating_beta,0.513157894736842,0.774219307630675,0.757847533632287
0136,dv_rating_beta,0.48,0.629033175772838,0.699551569506727
0137,dv_rating_beta,0.5,0.716605763242645,0.73542600896861
0140,dv_rating_beta,0.4057187015029,0.303782900272432,0.594170403587444
0150,dv_rating_beta,0.585714285714286,1.09191685239896,0.87219730941704
0160,dv_rating_beta,0.486525974025974,0.657607997333603,0.719730941704036
0205,dv_rating_beta,0.36734693877551,0.135767172881683,0.545964125560538
0220,dv_rating_beta,0.444444444444444,0.473348575826516,0.654708520179372
0230,dv_rating_beta,0.431039182046407,0.414651900131123,0.636771300448431
0300,dv_rating_beta,0.442610837438424,0.465319890330515,0.650224215246637
0310,dv_rating_beta,0.416666666666667,0.351719982118451,0.609865470852018
0340,dv_rating_beta,0.456521739130435,0.526230573090891,0.673766816143498
0350,dv_rating_beta,0.428571428571428,0.40384652227905,0.626681614349776
0360,dv_rating_beta,0.530696798493409,0.851015666797997,0.791479820627803
0410,dv_rating_beta,0.443181818181818,0.46782000338524,0.652466367713005
0420,dv_rating_beta,0.392857142857143,0.247466901797253,0.568385650224215
0425,dv_rating_beta,0.422222222222222,0.376045700860064,0.621076233183857
0430,dv_rating_beta,0.459913230107318,0.5410806551022,0.679372197309417
0500,dv_rating_beta,0.543478260869565,0.906980953394398,0.818385650224215
0540,dv_rating_beta,0.519501934081391,0.801997504651296,0.769058295964126
0565,dv_rating_beta,0.526304274931043,0.831782434104073,0.778026905829596
0600,dv_rating_beta,0.5,0.716605763242645,0.73542600896861
0630,dv_rating_beta,0.637839982840807,1.3201559609508,0.912556053811659
0640,dv_rating_beta,0.473684210526316,0.601378674466583,0.688340807174888
0650,dv_rating_beta,0.552631578947368,0.947059940794767,0.823991031390135
0700,dv_rating_beta,0.527860531832726,0.838596706286483,0.7847533632287
0710,dv_rating_beta,0.404761904761905,0.299593441957852,0.591928251121076
0725,dv_rating_beta,0.486486486486487,0.657435096033316,0.717488789237668
0726,dv_rating_beta,0.519230769230769,0.800810174271305,0.766816143497758
0735,dv_rating_beta,0.524590163934426,0.824276977344866,0.773542600896861
0740,dv_rating_beta,0.582840766028136,1.07933477469588,0.867713004484305
0800,dv_rating_beta,0.56,0.979323525652064,0.841928251121076
0820,dv_rating_beta,0.52,0.804178350712451,0.771300448430493
0830,dv_rating_beta,0.555555555555556,0.959862950658774,0.832959641255605
0840,dv_rating_beta,0.461538461538462,0.548196941185324,0.682735426008969
0850,dv_rating_beta,0.5,0.716605763242645,0.73542600896861
0860,dv_rating_beta,0.571428571428571,1.02936500420624,0.855381165919282
0900,dv_rating_beta,0.515756049797174,0.785595665694729,0.760089686098655
0910,dv_rating_beta,0.593916545888207,1.1278315097255,0.881165919282511
0930,dv_rating_beta,0.580645161290323,1.06972103529832,0.86322869955157
0940,dv_rating_beta,0.625,1.26393443492894,0.899103139013453
0950,dv_rating_beta,0.583230958230958,1.08104328173646,0.869955156950673
1005,dv_rating_beta,0.634615384615385,1.30603664044327,0.908071748878924
1006,dv_rating_beta,0.617424242424242,1.23076300028128,0.89237668161435
1007,dv_rating_beta,0.652173913043478,1.38291892877378,0.926008968609865
1010,dv_rating_beta,0.95,2.68698898131329,0.997757847533632
1020,dv_rating_beta,0.87280701754386,2.34898952090351,0.979820627802691
1030,dv_rating_beta,0.841346153846154,2.21123405900136,0.975336322869955
1050,dv_rating_beta,0.615191191777139,1.22098529912538,0.890134529147982
1060,dv_rating_beta,0.919996033229485,2.55561273109068,0.995515695067265
1105,dv_rating_beta,0.72972972972973,1.72250710580123,0.948430493273543
1106,dv_rating_beta,0.635222739361702,1.30869602177562,0.910313901345291
1107,dv_rating_beta,0.735786186333217,1.74902608458453,0.95067264573991
1200,dv_rating_beta,0.5,0.716605763242645,0.73542600896861
1220,dv_rating_beta,0.629032258064516,1.28159019853172,0.902466367713004
1240,dv_rating_beta,0.863801169590643,2.30955625052237,0.977578475336323
1300,dv_rating_beta,0.454712362301102,0.518307982558261,0.670403587443946
1310,dv_rating_beta,0.5111372191864,0.765371518311214,0.753363228699552
1320,dv_rating_beta,0.571428571428571,1.02936500420624,0.855381165919282
1340,dv_rating_beta,0.507834757834758,0.750911264032099,0.748878923766816
1350,dv_rating_beta,0.461538461538462,0.548196941185324,0.682735426008969
1360,dv_rating_beta,0.482142857142857,0.638415953001746,0.708520179372197
1400,dv_rating_beta,0.727272727272727,1.71174880267226,0.943946188340807
1410,dv_rating_beta,0.591229443831054,1.11606568572848,0.876681614349776
1420,dv_rating_beta,0.555555555555556,0.959862950658774,0.832959641255605
1430,dv_rating_beta,0.552746749043201,0.947564227959325,0.827354260089686
1440,dv_rating_beta,0.421052631578947,0.370924496914461,0.618834080717489
1450,dv_rating_beta,0.487804878048781,0.663207844053738,0.721973094170404
1460,dv_rating_beta,0.531293509651923,0.853628443804157,0.79372197309417
1520,dv_rating_beta,0.50462962962963,0.736877195527322,0.744394618834081
1530,dv_rating_beta,0.536324810013834,0.875658643355676,0.807174887892377
1540,dv_rating_beta,0.532440345993239,0.858650015094831,0.798206278026906
1550,dv_rating_beta,0.390636545793475,0.237743730267589,0.562780269058296
1560,dv_rating_beta,0.5,0.716605763242645,0.73542600896861
1600,dv_rating_beta,0.430800941585588,0.413608733451429,0.634529147982063
1610,dv_rating_beta,0.527746078809421,0.838095558916752,0.782511210762332
1640,dv_rating_beta,0.431424099193081,0.416337309655911,0.639013452914798
1650,dv_rating_beta,0.517233660474004,0.792065575206877,0.762331838565022
1700,dv_rating_beta,0.728711790393013,1.71804992672105,0.946188340807175
1710,dv_rating_beta,0.565217391304348,1.00216854847027,0.847533632286996
1720,dv_rating_beta,0.389346793080856,0.23209638115558,0.560538116591928
1740,dv_rating_beta,0.497568503020731,0.705959139147665,0.726457399103139
1760,dv_rating_beta,0.456521739130435,0.526230573090891,0.673766816143498
1800,dv_rating_beta,0.552631578947368,0.947059940794767,0.823991031390135
1820,dv_rating_beta,0.405764485675364,0.303983372194825,0.596412556053812
1840,dv_rating_beta,0.477272727272727,0.617091459299683,0.695067264573991
1860,dv_rating_beta,0.558185140173525,0.971376927107091,0.836322869955157
1900,dv_rating_beta,0.392310212331201,0.245072095731106,0.565022421524664
1910,dv_rating_beta,0.416666666666667,0.351719982118451,0.609865470852018
1920,dv_rating_beta,0.392857142857143,0.247466901797253,0.568385650224215
1930,dv_rating_beta,0.185064935064935,-0.662378162824113,0.338565022421525
1965,dv_rating_beta,0.537371780951319,0.880242941055735,0.811659192825112
2000,dv_rating_beta,0.251807834999686,-0.370135740697889,0.410313901345292
2010,dv_rating_beta,0.285813492063492,-0.221237571813467,0.468609865470852
2015,dv_rating_beta,0.394736842105263,0.2556974081384,0.57847533632287
2016,dv_rating_beta,0.392857142857143,0.247466901797253,0.571748878923767
2025,dv_rating_beta,0.429587496141857,0.408295505588377,0.630044843049327
2040,dv_rating_beta,0.333333333333333,-0.0131657990057427,0.51457399103139
2050,dv_rating_beta,0.439393939393939,0.451234286061413,0.647982062780269
2100,dv_rating_beta,0.425,0.38820856023087,0.623318385650224
2105,dv_rating_beta,0.517241379310345,0.792099373130409,0.76457399103139
2145,dv_rating_beta,0.525,0.826071497579903,0.775784753363229
2160,dv_rating_beta,0.764880952380952,1.87642128181597,0.955156950672646
2200,dv_rating_beta,0.477739885125135,0.619136970394294,0.697309417040359
2300,dv_rating_beta,0.228418685074049,-0.47254815958325,0.381165919282511
2310,dv_rating_beta,0.322216958368995,-0.061840284951325,0.502242152466368
2320,dv_rating_beta,0.333333333333333,-0.0131657990057427,0.51457399103139
2330,dv_rating_beta,0.331934503402408,-0.0192907568298081,0.511210762331839
2340,dv_rating_beta,0.452726961636549,0.509614648890305,0.661434977578475
2400,dv_rating_beta,0.393843404808317,0.25178537734662,0.576233183856502
2430,dv_rating_beta,0.535087719298246,0.870241881610726,0.804932735426009
2440,dv_rating_beta,0.567307692307692,1.01132120184295,0.849775784753363
2540,dv_rating_beta,0.53030303030303,0.84929150183326,0.788116591928251
2550,dv_rating_beta,0.482064922436796,0.638074705808573,0.70627802690583
2600,dv_rating_beta,0.485203120364951,0.651815711436619,0.713004484304933
2630,dv_rating_beta,0.393189233997984,0.248921005821214,0.573991031390135
2700,dv_rating_beta,0.1875,-0.651715915973082,0.34304932735426
2710,dv_rating_beta,0.469585379159847,0.583431411048381,0.68609865470852
2720,dv_rating_beta,0.204166666666667,-0.578738759748243,0.36322869955157
2740,dv_rating_beta,0.0896517213771016,-1.08015726289677,0.174887892376682
2750,dv_rating_beta,0.559344790547798,0.976454606298864,0.838565022421525
2800,dv_rating_beta,0.65,1.37340016926619,0.92152466367713
2810,dv_rating_beta,0.65,1.37340016926619,0.92152466367713
2825,dv_rating_beta,0.590909090909091,1.11466297901449,0.874439461883408
2830,dv_rating_beta,0.647058823529412,1.36052184757946,0.917040358744395
2840,dv_rating_beta,0.7,1.59233163794071,0.940582959641256
2850,dv_rating_beta,0.877136752136752,2.36794782397137,0.984304932735426
2860,dv_rating_beta,0.88,2.38048492516897,0.986547085201794
2900,dv_rating_beta,0.45350962570999,0.513041644791849,0.663677130044843
2910,dv_rating_beta,0.385416666666667,0.214887814196878,0.556053811659193
2920,dv_rating_beta,0.480282002318762,0.63026795940916,0.701793721973094
3000,dv_rating_beta,0.454545454545455,0.517577155356721,0.667040358744395
3010,dv_rating_beta,0.241844347426806,-0.413762160046907,0.401345291479821
3030,dv_rating_beta,0.548780487804878,0.93019743999827,0.820627802690583
3040,dv_rating_beta,0.3,-0.15912011145542,0.480941704035875
3050,dv_rating_beta,0.428571428571428,0.40384652227905,0.626681614349776
3060,dv_rating_beta,0.430674609571787,0.413055572384984,0.632286995515695
3110,dv_rating_beta,0.270833333333333,-0.286830134848888,0.439461883408072
3120,dv_rating_beta,0.285714285714286,-0.221671959648139,0.4652466367713
3140,dv_rating_beta,0.454545454545455,0.517577155356721,0.667040358744395
3150,dv_rating_beta,0.289015151515152,-0.207218691694518,0.473094170403588
3160,dv_rating_beta,0.191489361702128,-0.634247979642668,0.352017937219731
3200,dv_rating_beta,0.280487804878049,-0.24455678215767,0.455156950672646
3210,dv_rating_beta,0.318181818181818,-0.0795086683010506,0.497757847533632
3220,dv_rating_beta,0.202380952380952,-0.586557740772333,0.358744394618834
3230,dv_rating_beta,0.451219512195122,0.503014086487019,0.659192825112108
3245,dv_rating_beta,0.26,-0.334265286395033,0.413677130044843
3250,dv_rating_beta,0.27027027027027,-0.289295579315943,0.437219730941704
3255,dv_rating_beta,0.380190007037298,0.192002208818487,0.553811659192825
3256,dv_rating_beta,0.166666666666667,-0.74293736125413,0.316143497757848
3258,dv_rating_beta,0.435862691960253,0.435772262323211,0.641255605381166
3260,dv_rating_beta,0.331530448717949,-0.0210599625396797,0.508968609865471
3310,dv_rating_beta,0.1875,-0.651715915973082,0.34304932735426
3320,dv_rating_beta,0.335959963201419,-0.00166476031205634,0.522421524663677
3400,dv_rating_beta,0.181089743589744,-0.679784052982635,0.322869955156951
3420,dv_rating_beta,0.233273313486785,-0.451291541017864,0.387892376681614
3500,dv_rating_beta,0.25,-0.378051580129936,0.40695067264574
3510,dv_rating_beta,0.617647058823529,1.23173863071209,0.894618834080718
3520,dv_rating_beta,0.285714285714286,-0.221671959648139,0.4652466367713
3535,dv_rating_beta,0.406410219226428,0.30681080008896,0.598654708520179
3540,dv_rating_beta,0.362801381502111,0.115863862285496,0.542600896860987
3600,dv_rating_beta,0.075656943523388,-1.14143520828251,0.143497757847534
3610,dv_rating_beta,0.264918602127904,-0.312728550641279,0.423766816143498
3620,dv_rating_beta,0.161944094584537,-0.76361575409137,0.300448430493274
3630,dv_rating_beta,0.074074074074074,-1.14836600694768,0.136771300448431
3640,dv_rating_beta,0.266666666666667,-0.305074423905098,0.430493273542601
3645,dv_rating_beta,0.358974358974359,0.0991067490324708,0.540358744394619
3646,dv_rating_beta,0.875,2.35859177830152,0.982062780269058
3647,dv_rating_beta,0.38,0.191170238423806,0.550448430493274
3648,dv_rating_beta,0.222222222222222,-0.499680173838001,0.37780269058296
3649,dv_rating_beta,0.182926829268293,-0.671740135668922,0.329596412556054
3655,dv_rating_beta,0.316963615538111,-0.0848427261796495,0.495515695067265
3700,dv_rating_beta,0.282608695652174,-0.235270187516121,0.461883408071749
3710,dv_rating_beta,0.328947368421053,-0.032370313801753,0.506726457399103
3720,dv_rating_beta,0.415094339622642,0.344835344738749,0.605381165919282
3740,dv_rating_beta,0.140350877192982,-0.858164450030191,0.266816143497758
3750,dv_rating_beta,0.276946501211207,-0.260062838413752,0.448430493273543
3800,dv_rating_beta,0.148538961038961,-0.822311865589588,0.286995515695067
3820,dv_rating_beta,0.397410759175465,0.267405499964263,0.587443946188341
3840,dv_rating_beta,0.302301864801865,-0.149041098620171,0.484304932735426
3850,dv_rating_beta,0.350963418621499,0.0640298102941582,0.533632286995516
3900,dv_rating_beta,0.35,0.059811357219096,0.531390134529148
3910,dv_rating_beta,0.388888888888889,0.230091388410386,0.558295964125561
3930,dv_rating_beta,0.168830269671478,-0.733463745584689,0.320627802690583
3940,dv_rating_beta,0.105263157894737,-1.01180056839827,0.211883408071749
3945,dv_rating_beta,0.26,-0.334265286395033,0.413677130044843
3955,dv_rating_beta,0.203288254563576,-0.582585000784865,0.360986547085202
4000,dv_rating_beta,0.261904761904762,-0.325925039969338,0.419282511210762
4010,dv_rating_beta,0.511111111111111,0.765257200725871,0.751121076233184
4020,dv_rating_beta,0.0704721403693592,-1.16413753966851,0.130044843049327
4030,dv_rating_beta,0.037037037037037,-1.3105374652251,0.0739910313901345
4040,dv_rating_beta,0.194444444444444,-0.621308767546066,0.354260089686099
4050,dv_rating_beta,0.0970394736842105,-1.04780903364079,0.190582959641256
4110,dv_rating_beta,0.183673469387755,-0.668470875310417,0.331838565022422
4120,dv_rating_beta,0.12962962962963,-0.905108819531549,0.244394618834081
4130,dv_rating_beta,0,-1.47270892350252,0.015695067264574
4140,dv_rating_beta,0,-1.47270892350252,0.015695067264574
4150,dv_rating_beta,0.228571428571428,-0.471879352419015,0.383408071748879
4200,dv_rating_beta,0.26530612244898,-0.311031742780595,0.426008968609866
4210,dv_rating_beta,0.354545454545455,0.0797142180076883,0.538116591928251
4220,dv_rating_beta,0,-1.47270892350252,0.015695067264574
4230,dv_rating_beta,0,-1.47270892350252,0.015695067264574
4240,dv_rating_beta,0.25,-0.378051580129936,0.40695067264574
4250,dv_rating_beta,0.046973803071364,-1.26702804958969,0.0874439461883408
4320,dv_rating_beta,0.397248915741046,0.266696847548408,0.585201793721973
4340,dv_rating_beta,0.103448275862069,-1.01974726417593,0.20627802690583
4350,dv_rating_beta,0.272727272727273,-0.278537276186974,0.441704035874439
4400,dv_rating_beta,0.146386259214698,-0.831737749029671,0.2847533632287
4420,dv_rating_beta,0.142857142857143,-0.847190441575328,0.272421524663677
4430,dv_rating_beta,0.206654537295919,-0.567845296333552,0.367713004484305
4460,dv_rating_beta,0.163910797200968,-0.755004292246144,0.307174887892377
4465,dv_rating_beta,0.162790697674419,-0.759908792934325,0.302690582959641
4500,dv_rating_beta,0.161764705882353,-0.764401230732024,0.298206278026906
4510,dv_rating_beta,0.0789473684210526,-1.12702765717433,0.147982062780269
4520,dv_rating_beta,0.159054287103068,-0.776269150013462,0.291479820627803
4530,dv_rating_beta,0.334816386261626,-0.00667205989147821,0.520179372197309
4600,dv_rating_beta,0.141431203931204,-0.853434099641248,0.269058295964126
4620,dv_rating_beta,0.12640056022409,-0.919247717679686,0.23542600896861
4640,dv_rating_beta,0.24,-0.42183787386484,0.396860986547085
4700,dv_rating_beta,0.486486486486487,0.657435096033316,0.7152466367713
4710,dv_rating_beta,0.537037037037037,0.878777221520064,0.809417040358744
4720,dv_rating_beta,0.20966623283214,-0.554658197794647,0.369955156950673
4740,dv_rating_beta,0.532258064516129,0.857851872064913,0.795964125560538
4750,dv_rating_beta,0.342857142857143,0.0285354331227364,0.526905829596413
4760,dv_rating_beta,0.342105263157895,0.0252432305862776,0.524663677130045
4800,dv_rating_beta,0.538461538461538,0.885014585299965,0.81390134529148
4810,dv_rating_beta,0.575757575757576,1.04832010971918,0.859865470852018
4820,dv_rating_beta,0.605769230769231,1.17973002390028,0.885650224215247
4830,dv_rating_beta,0.5625,0.99027009908579,0.845291479820628
4840,dv_rating_beta,0.633333333333333,1.30042301304135,0.905829596412556
4850,dv_rating_beta,0.581901974360042,1.07522415392238,0.865470852017937
4900,dv_rating_beta,0.136226176371641,-0.876224986203375,0.257847533632287
4920,dv_rating_beta,0.450403846954495,0.499442590705472,0.65695067264574
4930,dv_rating_beta,0.511363636363636,0.766362915214126,0.755605381165919
4940,dv_rating_beta,0.805555555555556,2.05452029403135,0.966367713004484
4950,dv_rating_beta,0.260869565217391,-0.330457782591998,0.417040358744395
5000,dv_rating_beta,0.489583333333333,0.67099504060212,0.724215246636771
5010,dv_rating_beta,0.629032258064516,1.28159019853172,0.902466367713004
5020,dv_rating_beta,0.894736842105263,2.44501209488356,0.993273542600897
5100,dv_rating_beta,0.696428571428571,1.57669367589253,0.937219730941704
5110,dv_rating_beta,0.773809523809524,1.91551618693642,0.959641255605381
5120,dv_rating_beta,0.802325581395349,2.04037743429786,0.964125560538117
5130,dv_rating_beta,0.419354838709677,0.363490491186973,0.616591928251121
5140,dv_rating_beta,0.837837837837838,2.19587244347586,0.97085201793722
5150,dv_rating_beta,0.614285714285714,1.2170205487844,0.887892376681614
5160,dv_rating_beta,0.541666666666667,0.899048653804741,0.816143497757848
5200,dv_rating_beta,0.766666666666667,1.88424026284006,0.957399103139013
5220,dv_rating_beta,0.7,1.59233163794071,0.940582959641256
5230,dv_rating_beta,0.65,1.37340016926619,0.92152466367713
5240,dv_rating_beta,0.568181818181818,1.01514867507153,0.852017937219731
5250,dv_rating_beta,0.68,1.5047590504709,0.934977578475336
5260,dv_rating_beta,0.794117647058824,2.00443793191627,0.961883408071749
5300,dv_rating_beta,0.5,0.716605763242645,0.73542600896861
5310,dv_rating_beta,0.672413793103448,1.47154186212029,0.932735426008969
5320,dv_rating_beta,0.53448275862069,0.867592983018173,0.802690582959641
5330,dv_rating_beta,0.59375,1.12710226700736,0.878923766816144
5340,dv_rating_beta,0.56,0.979323525652064,0.841928251121076
5350,dv_rating_beta,0.839285714285714,2.20221215781972,0.973094170403587
5360,dv_rating_beta,0.620689655172414,1.24506103245699,0.896860986547085
5400,dv_rating_beta,0.533333333333333,0.862560075692322,0.800448430493274
5410,dv_rating_beta,0.457142857142857,0.528950218664488,0.677130044843049
5500,dv_rating_beta,0.527301315037164,0.836148103199285,0.780269058295964
5510,dv_rating_beta,0.310344827586207,-0.113823945522762,0.488789237668162
5520,dv_rating_beta,0.665081521739131,1.43943656335008,0.930493273542601
5530,dv_rating_beta,0.4375,0.442941427399499,0.643497757847534
5540,dv_rating_beta,0.314814814814815,-0.0942515281444527,0.493273542600897
5550,dv_rating_beta,0.230769230769231,-0.462255991158597,0.385650224215247
5560,dv_rating_beta,0.1,-1.03484598615348,0.199551569506726
5600,dv_rating_beta,0.596153846153846,1.13762781838595,0.883408071748879
5610,dv_rating_beta,0.5,0.716605763242645,0.73542600896861
5620,dv_rating_beta,0.181818181818182,-0.676594491958822,0.325112107623318
5630,dv_rating_beta,0.293103448275862,-0.189317555410526,0.477578475336323
5700,dv_rating_beta,0.663799564614782,1.43382334822986,0.928251121076233
5810,dv_rating_beta,0.892857142857143,2.43678158854241,0.991031390134529
5820,dv_rating_beta,0.743243243243243,1.78167777301056,0.952914798206278
5840,dv_rating_beta,0.833333333333333,2.17614888773942,0.968609865470852
5850,dv_rating_beta,0.216216216216216,-0.525978248153258,0.37219730941704
5860,dv_rating_beta,0.575757575757576,1.04832010971918,0.859865470852018
5900,dv_rating_beta,0.397058823529412,0.265864504206876,0.582959641255605
5910,dv_rating_beta,0.975,2.79645471565055,1
5920,dv_rating_beta,0.891304347826087,2.42998247460842,0.988789237668161
5940,dv_rating_beta,0.645161290322581,1.35221325294285,0.914798206278027
6005,dv_rating_beta,0.280701754385965,-0.243619976557865,0.457399103139013
6010,dv_rating_beta,0.291666666666667,-0.19560868956784,0.475336322869955
6040,dv_rating_beta,0.1,-1.03484598615348,0.199551569506726
6050,dv_rating_beta,0.143686992400984,-0.843556837987087,0.275784753363229
6120,dv_rating_beta,0.0434782608695652,-1.28233373335076,0.0852017937219731
6130,dv_rating_beta,0.168596513201842,-0.734487278528881,0.318385650224215
6200,dv_rating_beta,0.416666666666667,0.351719982118451,0.614349775784753
6210,dv_rating_beta,0.0303030303030303,-1.3400231849119,0.062780269058296
6220,dv_rating_beta,0.0522428029654623,-1.24395705188448,0.100896860986547
6230,dv_rating_beta,0.144444444444444,-0.840240236220582,0.278026905829596
6240,dv_rating_beta,0.0558785429296855,-1.22803749408276,0.10762331838565
6250,dv_rating_beta,0,-1.47270892350252,0.015695067264574
6260,dv_rating_beta,0.05,-1.253777454828,0.0952914798206278
6320,dv_rating_beta,0.0492360940323676,-1.25712231593646,0.0919282511210762
6330,dv_rating_beta,0.0362071977638015,-1.31417102384216,0.0717488789237668
6355,dv_rating_beta,0.146341463414634,-0.831933893235641,0.282511210762332
6360,dv_rating_beta,0.0833333333333333,-1.10782314237832,0.164798206278027
6400,dv_rating_beta,0.0481860629642731,-1.2617200128143,0.0896860986547085
6420,dv_rating_beta,0.0569400389692813,-1.22338959634394,0.109865470852018
6440,dv_rating_beta,0.0555152277713253,-1.22962831650699,0.105381165919283
6460,dv_rating_beta,0.0769230769230769,-1.13589127938788,0.145739910313901
6515,dv_rating_beta,0.04,-1.2975637485629,0.0762331838565022
6520,dv_rating_beta,0.0657894736842105,-1.18464120156236,0.123318385650224
6530,dv_rating_beta,0.0285714285714285,-1.34760522711708,0.0594170403587444
6600,dv_rating_beta,0.00977794772348618,-1.42989491438801,0.0336322869955157
6660,dv_rating_beta,0.334104289318755,-0.00979006848230607,0.517937219730942
6700,dv_rating_beta,0.184210526315789,-0.666119302070089,0.335201793721973
6710,dv_rating_beta,0.0512820512820512,-1.24816382742609,0.0986547085201794
6720,dv_rating_beta,0.0806451612903225,-1.11959365144685,0.152466367713004
6730,dv_rating_beta,0.0161290322580645,-1.40208586909138,0.0381165919282511
6740,dv_rating_beta,0,-1.47270892350252,0.015695067264574
6765,dv_rating_beta,0.0940625,-1.06084409805858,0.18609865470852
6800,dv_rating_beta,0.0259003588375405,-1.35930085151252,0.0560538116591928
6820,dv_rating_beta,0.136363636363636,-0.875623099844746,0.261210762331839
6830,dv_rating_beta,0.135416666666667,-0.879769529175703,0.255605381165919
6840,dv_rating_beta,0.00628009425263803,-1.44521071833963,0.031390134529148
6940,dv_rating_beta,0.0241758241758242,-1.36685194963792,0.0515695067264574
7000,dv_rating_beta,0.41025641025641,0.323651845108897,0.600896860986547
7010,dv_rating_beta,0.36734693877551,0.135767172881683,0.545964125560538
7020,dv_rating_beta,0.269241884393663,-0.293798499922538,0.432735426008969
7030,dv_rating_beta,0.24,-0.42183787386484,0.399103139013453
7040,dv_rating_beta,0.105769230769231,-1.00958466284489,0.2152466367713
7100,dv_rating_beta,0.278328685646523,-0.254010765045699,0.452914798206278
7110,dv_rating_beta,0.166666666666667,-0.74293736125413,0.311659192825112
7120,dv_rating_beta,0.238095238095238,-0.430178120290536,0.394618834080717
7130,dv_rating_beta,0.166666666666667,-0.74293736125413,0.311659192825112
7140,dv_rating_beta,0.134328358208955,-0.884534828556056,0.253363228699552
7150,dv_rating_beta,0.0425531914893617,-1.28638426931144,0.0829596412556054
7160,dv_rating_beta,0,-1.47270892350252,0.015695067264574
7200,dv_rating_beta,0.0818181818181818,-1.11445742930785,0.159192825112108
7210,dv_rating_beta,0,-1.47270892350252,0.015695067264574
7220,dv_rating_beta,0.102159067136632,-1.02539223136969,0.204035874439462
7240,dv_rating_beta,0.11006441834028,-0.990777628381638,0.224215246636771
7260,dv_rating_beta,0.0176649738039649,-1.39536055032254,0.0403587443946188
7300,dv_rating_beta,0.132973382606177,-0.890467764530742,0.248878923766816
7315,dv_rating_beta,0.105263157894737,-1.01180056839827,0.211883408071749
7320,dv_rating_beta,0.145454545454545,-0.835817378267561,0.280269058295964
7330,dv_rating_beta,0.273480582938851,-0.275238809967207,0.443946188340807
7340,dv_rating_beta,0.137254901960784,-0.871720578121492,0.26457399103139
7350,dv_rating_beta,0.142857142857143,-0.847190441575328,0.272421524663677
7360,dv_rating_beta,0.0217391304347826,-1.37752132842664,0.047085201793722
7410,dv_rating_beta,0,-1.47270892350252,0.015695067264574
7420,dv_rating_beta,0.03125,-1.33587675558094,0.0661434977578475
7430,dv_rating_beta,0.276056766487903,-0.263958657007825,0.446188340807175
7510,dv_rating_beta,0.321428571428571,-0.0652923391663419,0.5
7540,dv_rating_beta,0.08,-1.12241857362329,0.150224215246637
7560,dv_rating_beta,0,-1.47270892350252,0.015695067264574
7610,dv_rating_beta,0.0333333333333333,-1.32675461105284,0.0695067264573991
7630,dv_rating_beta,0.0984608885879489,-1.04158518459137,0.195067264573991
7700,dv_rating_beta,0.4,0.278742825893612,0.589686098654709
7710,dv_rating_beta,0.025,-1.36324318916526,0.0538116591928251
7720,dv_rating_beta,0.222222222222222,-0.499680173838001,0.37780269058296
7730,dv_rating_beta,0.0952380952380952,-1.05569660221772,0.188340807174888
7740,dv_rating_beta,0.0227272727272727,-1.37319461955956,0.0493273542600897
7750,dv_rating_beta,0.0213137777777777,-1.37938379006469,0.0448430493273543
7800,dv_rating_beta,0.264705882352941,-0.313659971696255,0.42152466367713
7810,dv_rating_beta,0.0528535002423018,-1.2412830348498,0.103139013452915
7830,dv_rating_beta,0.0666666666666666,-1.18080029860316,0.125560538116592
7840,dv_rating_beta,0.115384615384615,-0.967482457330557,0.226457399103139
7850,dv_rating_beta,0.129032258064516,-0.907724488213443,0.239910313901345
7900,dv_rating_beta,0.326163960564243,-0.0445578252019824,0.504484304932736
7920,dv_rating_beta,0.0586495986681006,-1.21590406803095,0.112107623318386
7950,dv_rating_beta,0.0821944004635049,-1.11281010729659,0.161434977578475
8030,dv_rating_beta,0.23469387755102,-0.445071417479278,0.39237668161435
8040,dv_rating_beta,0.0809521534148827,-1.11824944671282,0.154708520179372
8100,dv_rating_beta,0.116762067231275,-0.961451106214204,0.228699551569507
8130,dv_rating_beta,0.1875,-0.651715915973082,0.34304932735426
8140,dv_rating_beta,0.0866543833759807,-1.09328149511076,0.170403587443946
8220,dv_rating_beta,0.107307840233878,-1.00284766224865,0.221973094170404
8250,dv_rating_beta,0.4375,0.442941427399499,0.645739910313901
8255,dv_rating_beta,0.2875,-0.213852978624049,0.47085201793722
8256,dv_rating_beta,0.0897435897435897,-1.07975500536877,0.177130044843049
8300,dv_rating_beta,0.05,-1.253777454828,0.0952914798206278
8310,dv_rating_beta,0.0104166666666666,-1.42709820086199,0.0358744394618834
8320,dv_rating_beta,0.0813953488372093,-1.11630885821842,0.15695067264574
8330,dv_rating_beta,0.0672556911817451,-1.17822117855973,0.12780269058296
8350,dv_rating_beta,0.0849564179299743,-1.10071625648781,0.168161434977579
8420,dv_rating_beta,0.128130117293836,-0.911674628290968,0.237668161434978
8450,dv_rating_beta,0.191176470588235,-0.635618013864662,0.349775784753363
8460,dv_rating_beta,0.133345225613545,-0.888839601816357,0.251121076233184
8500,dv_rating_beta,0.117647058823529,-0.957576056033067,0.230941704035874
8510,dv_rating_beta,0.0285714285714285,-1.34760522711708,0.0594170403587444
8530,dv_rating_beta,0.0588235294117647,-1.21514248976779,0.114349775784753
8540,dv_rating_beta,0.0652173913043478,-1.18714613827489,0.121076233183857
8550,dv_rating_beta,0.188034188034188,-0.649376904555619,0.347533632286996
8600,dv_rating_beta,0.182779584839727,-0.672384864448922,0.327354260089686
8610,dv_rating_beta,0.162790697674419,-0.759908792934325,0.304932735426009
8620,dv_rating_beta,0.125,-0.925380251816227,0.233183856502242
8630,dv_rating_beta,0.16027611168259,-0.770919233020313,0.295964125560538
8640,dv_rating_beta,0.149393400163684,-0.818570593340215,0.289237668161435
8650,dv_rating_beta,0.104178315042801,-1.01655069317538,0.208520179372197
8710,dv_rating_beta,0.059354763529823,-1.21281641245426,0.116591928251121
8720,dv_rating_beta,0.075,-1.14431172049074,0.141255605381166
8730,dv_rating_beta,0.16,-0.772128223744065,0.29372197309417
8740,dv_rating_beta,0.416666666666667,0.351719982118451,0.609865470852018
8750,dv_rating_beta,0.205357142857143,-0.573526105732183,0.365470852017937
8760,dv_rating_beta,0.0741237088003153,-1.14814867487741,0.139013452914798
8800,dv_rating_beta,0,-1.47270892350252,0.015695067264574
8810,dv_rating_beta,0.0412858403803992,-1.29193353010367,0.07847533632287
8830,dv_rating_beta,0.38,0.191170238423806,0.550448430493274
8850,dv_rating_beta,0.064516129032258,-1.19021670585798,0.118834080717489
8860,dv_rating_beta,0.0971340460526316,-1.0473949362905,0.192825112107623
8910,dv_rating_beta,0.136363636363636,-0.875623099844746,0.261210762331839
8920,dv_rating_beta,0.0709815546772068,-1.16190700321689,0.132286995515695
8930,dv_rating_beta,0,-1.47270892350252,0.015695067264574
8940,dv_rating_beta,0.0192307692307692,-1.38850451247386,0.0426008968609865
8950,dv_rating_beta,0.0888888888888888,-1.08349742363671,0.172645739910314
8965,dv_rating_beta,0.234375,-0.446467664090723,0.390134529147982
9000,dv_rating_beta,0.3,-0.15912011145542,0.480941704035875
9030,dv_rating_beta,0.313301161552667,-0.100879254779373,0.491031390134529
9040,dv_rating_beta,0.351541201701138,0.066559708258171,0.535874439461883
9050,dv_rating_beta,0.166666666666667,-0.74293736125413,0.311659192825112
9110,dv_rating_beta,0.0909090909090909,-1.07465170773067,0.180493273542601
9120,dv_rating_beta,0.282135076252723,-0.237343991330411,0.459641255605381
9130,dv_rating_beta,0.310089423399985,-0.114942265794667,0.486547085201794
9140,dv_rating_beta,0.265625,-0.30963549616915,0.428251121076233
9200,dv_rating_beta,0.278124114480023,-0.254906506364304,0.45067264573991
9260,dv_rating_beta,0.269635412294692,-0.292075387095804,0.434977578475336
9300,dv_rating_beta,0.107214095744681,-1.00325813462265,0.219730941704036
9310,dv_rating_beta,0.247023852504393,-0.391083026974042,0.403587443946188
9350,dv_rating_beta,0.107142857142857,-1.00357006205713,0.217488789237668
9360,dv_rating_beta,0.130434782608696,-0.901583353047258,0.246636771300448
9410,dv_rating_beta,0.412575757575758,0.333807407408718,0.603139013452915
9415,dv_rating_beta,0.222222222222222,-0.499680173838001,0.374439461883408
9420,dv_rating_beta,0.346966661529768,0.0465294922936014,0.52914798206278
9510,dv_rating_beta,0.184210526315789,-0.666119302070089,0.335201793721973
9520,dv_rating_beta,0,-1.47270892350252,0.015695067264574
9560,dv_rating_beta,0.0911688220820262,-1.07351444118764,0.183856502242152
9600,dv_rating_beta,0.03125,-1.33587675558094,0.0661434977578475
9610,dv_rating_beta,0.0833333333333333,-1.10782314237832,0.164798206278027
9620,dv_rating_beta,0.0417391304347826,-1.28994874095683,0.0807174887892377
9630,dv_rating_beta,0.0909090909090909,-1.07465170773067,0.180493273542601
9640,dv_rating_beta,0.1,-1.03484598615348,0.199551569506726
9650,dv_rating_beta,0.129086401333977,-0.907487414903405,0.242152466367713
9720,dv_rating_beta,0.196428571428571,-0.612621010852632,0.356502242152466
9750,dv_rating_beta,0.0714285714285714,-1.15994968253892,0.134529147982063
0010,genaiexp_estz_core,0.42293906,1.17661144219607,0.867713004484305
0020,genaiexp_estz_core,0.11764706,-0.367628638279752,0.482062780269058
0040,genaiexp_estz_core,0.30000001,0.554756272504037,0.746636771300449
0050,genaiexp_estz_core,0.267647065,0.391107325297985,0.710762331838565
0060,genaiexp_estz_core,0,-0.962715654651437,0.0874439461883408
0100,genaiexp_estz_core,0.210292445,0.100993915826199,0.636771300448431
0110,genaiexp_estz_core,0.52941179,1.71517602018594,0.939461883408072
0120,genaiexp_estz_core,0.229833131507037,0.199835389904066,0.668161434977579
0135,genaiexp_estz_core,0.27083334,0.407224267643078,0.713004484304933
0136,genaiexp_estz_core,0.38461539,0.982761137422518,0.827354260089686
0137,genaiexp_estz_core,0.41666666,1.14488414020069,0.860986547085202
0140,genaiexp_estz_core,0.19529626,0.0251396191815754,0.616591928251121
0150,genaiexp_estz_core,0.41666666,1.14488414020069,0.860986547085202
0160,genaiexp_estz_core,0.390874119087296,1.01441928866606,0.831838565022422
0205,genaiexp_estz_core,0.0833332959698827,-0.541195877929978,0.387892376681614
0220,genaiexp_estz_core,0.14,-0.254562112250667,0.535874439461883
0230,genaiexp_estz_core,0.259639129023905,0.350601266520911,0.692825112107623
0300,genaiexp_estz_core,0.34711778,0.793089242043499,0.800448430493274
0310,genaiexp_estz_core,0.14285715,-0.240109963010164,0.552690582959641
0340,genaiexp_estz_core,0.20833333,0.0910842427746247,0.634529147982063
0350,genaiexp_estz_core,0.27777779,0.442350959553971,0.721973094170404
0360,genaiexp_estz_core,0.4025974,1.0737184522867,0.840807174887892
0410,genaiexp_estz_core,0.2037037,0.0676664650281607,0.62780269058296
0420,genaiexp_estz_core,0.25,0.301844242492795,0.684977578475336
0425,genaiexp_estz_core,0.52173913,1.67636586762425,0.934977578475336
0430,genaiexp_estz_core,0.210648939875495,0.102797152318553,0.641255605381166
0500,genaiexp_estz_core,0.42857143,1.20510131910759,0.878923766816144
0540,genaiexp_estz_core,0.393791313367901,1.02917515626378,0.836322869955157
0565,genaiexp_estz_core,0.260410072356453,0.354500882606154,0.695067264573991
0600,genaiexp_estz_core,0.39285713,1.02444983296928,0.834080717488789
0630,genaiexp_estz_core,0.356123730630865,0.838643498057312,0.802690582959641
0640,genaiexp_estz_core,0.375,0.934124191064911,0.818385650224215
0650,genaiexp_estz_core,0.44999999,1.31349210962579,0.896860986547085
0700,genaiexp_estz_core,0.41283804,1.12551806294707,0.856502242152466
0710,genaiexp_estz_core,0.45454547,1.33648423651087,0.901345291479821
0725,genaiexp_estz_core,0.38095239,0.96423280580956,0.822869955156951
0726,genaiexp_estz_core,0.3392857,0.753472704926598,0.789237668161435
0735,genaiexp_estz_core,0.40920273204475,1.10712980433115,0.852017937219731
0740,genaiexp_estz_core,0.513519656878698,1.63478980328483,0.930493273542601
0800,genaiexp_estz_core,0.433333074945413,1.22918686007722,0.881165919282511
0820,genaiexp_estz_core,0.42307693,1.17730882168815,0.869955156950673
0830,genaiexp_estz_core,0.40909091,1.10656418163752,0.849775784753363
0840,genaiexp_estz_core,0,-0.962715654651437,0.0874439461883408
0850,genaiexp_estz_core,0.35714287,0.843798549160546,0.804932735426009
0860,genaiexp_estz_core,0.5,1.56640413963703,0.915919282511211
0900,genaiexp_estz_core,0.217131151735627,0.135585732971017,0.659192825112108
0910,genaiexp_estz_core,0.38591288835474,0.989324194966578,0.829596412556054
0930,genaiexp_estz_core,0.18000001,-0.0522324781251939,0.605381165919282
0940,genaiexp_estz_core,0.58333331,1.98792398732618,0.955156950672646
0950,genaiexp_estz_core,0.454296728959358,1.33522604473179,0.899103139013453
1005,genaiexp_estz_core,0.60000002,2.07222819965951,0.960762331838565
1006,genaiexp_estz_core,0.50334227,1.58331014206674,0.926008968609865
1007,genaiexp_estz_core,0.75,2.83096403678126,0.986547085201794
1010,genaiexp_estz_core,0.64705884,2.31026298597523,0.977578475336323
1020,genaiexp_estz_core,0.8773245472411,3.47500210223382,0.991031390134529
1030,genaiexp_estz_core,0.928423423515012,3.73347246113432,0.995515695067265
1050,genaiexp_estz_core,0.5300442315607,1.71837506112573,0.941704035874439
1060,genaiexp_estz_core,0.894891147488208,3.56385817504045,0.993273542600897
1105,genaiexp_estz_core,0.47499999,1.43994809934021,0.910313901345291
1106,genaiexp_estz_core,0.53525639,1.74473940728533,0.946188340807175
1107,genaiexp_estz_core,1.14032581407948,4.80532552200162,0.997757847533632
1200,genaiexp_estz_core,0.30000001,0.554756272504037,0.744394618834081
1220,genaiexp_estz_core,0.65625,2.35675407535217,0.979820627802691
1240,genaiexp_estz_core,0.601751897581863,2.08108961619843,0.964125560538117
1300,genaiexp_estz_core,0.24067983,0.254700589626528,0.677130044843049
1310,genaiexp_estz_core,0.236055065153426,0.231307420991727,0.674887892376682
1320,genaiexp_estz_core,0.27777779,0.442350959553971,0.725336322869955
1340,genaiexp_estz_core,0.47023809,1.41586126824336,0.903587443946188
1350,genaiexp_estz_core,0.34615386,0.788213503739278,0.795964125560538
1360,genaiexp_estz_core,0.264964076728752,0.377536127808671,0.704035874439462
1400,genaiexp_estz_core,0.33333334,0.723364241929136,0.7847533632287
1410,genaiexp_estz_core,0.304411827743914,0.577072303673888,0.748878923766816
1420,genaiexp_estz_core,0.481667484591815,1.47367388444115,0.912556053811659
1430,genaiexp_estz_core,0.407411412479067,1.09806888078822,0.847533632286996
1440,genaiexp_estz_core,0.216666557275833,0.133235702881854,0.652466367713005
1450,genaiexp_estz_core,0.42857143,1.20510131910759,0.875560538116592
1460,genaiexp_estz_core,0.31368133,0.623959666952026,0.755605381165919
1520,genaiexp_estz_core,0.15338164,-0.186874571042582,0.565022421524664
1530,genaiexp_estz_core,0.372208592066227,0.92000458094643,0.816143497757848
1540,genaiexp_estz_core,0.3378642473282,0.746282656748808,0.786995515695067
1550,genaiexp_estz_core,0.321066141837498,0.661313814542651,0.771300448430493
1560,genaiexp_estz_core,0.216666595645662,0.133235896965638,0.654708520179372
1600,genaiexp_estz_core,0.360847856877991,0.862539260461955,0.807174887892377
1610,genaiexp_estz_core,0.341047996206372,0.762386821364466,0.79372197309417
1640,genaiexp_estz_core,0.176521195978361,-0.0698291529307427,0.600896860986547
1650,genaiexp_estz_core,0.291244308108011,0.510467834568202,0.742152466367713
1700,genaiexp_estz_core,0.398797852200873,1.05449942919047,0.838565022421525
1710,genaiexp_estz_core,0.37037036,0.910706362736051,0.81390134529148
1720,genaiexp_estz_core,0.310972080585281,0.610255634307164,0.751121076233184
1740,genaiexp_estz_core,0.320984820118668,0.660902469805054,0.769058295964126
1760,genaiexp_estz_core,0.33333334,0.723364241929136,0.780269058295964
1800,genaiexp_estz_core,0.52499998,1.69286002818666,0.937219730941704
1820,genaiexp_estz_core,0.201600491017046,0.057027930087532,0.625560538116592
1840,genaiexp_estz_core,0.54000002,1.7687338243449,0.948430493273543
1860,genaiexp_estz_core,0.449584114282944,1.31138851060984,0.890134529147982
1900,genaiexp_estz_core,0.288988113347354,0.499055460910307,0.737668161434978
1910,genaiexp_estz_core,0.27777779,0.442350959553971,0.725336322869955
1920,genaiexp_estz_core,0.21875,0.143774255349766,0.661434977578475
1930,genaiexp_estz_core,0.038220551,-0.769386950486013,0.273542600896861
1965,genaiexp_estz_core,0.278389588536564,0.44544558313185,0.730941704035875
2000,genaiexp_estz_core,0.21384804,0.118978967216145,0.645739910313901
2010,genaiexp_estz_core,0.142435573333333,-0.242242398795118,0.542600896860987
2015,genaiexp_estz_core,0.16666667,-0.11967570636115,0.589686098654709
2016,genaiexp_estz_core,0.15000001,-0.203979665782502,0.562780269058296
2025,genaiexp_estz_core,0.275414187268351,0.430395290645075,0.719730941704036
2040,genaiexp_estz_core,0.071428575,-0.601412808830801,0.356502242152466
2050,genaiexp_estz_core,0.2631579,0.368400053175331,0.699551569506727
2100,genaiexp_estz_core,0.31818181,0.646724173055625,0.762331838565022
2105,genaiexp_estz_core,0.31578946,0.634623093575893,0.757847533632287
2145,genaiexp_estz_core,0.41666666,1.14488414020069,0.860986547085202
2160,genaiexp_estz_core,0.340336145,0.758786107411221,0.791479820627803
2200,genaiexp_estz_core,0.258902220119376,0.346873804726846,0.690582959641256
2300,genaiexp_estz_core,0.0716650990662925,-0.600216413435028,0.36322869955157
2310,genaiexp_estz_core,0.126874397546255,-0.320954554206121,0.508968609865471
2320,genaiexp_estz_core,0.21547254857348,0.127196120794504,0.647982062780269
2330,genaiexp_estz_core,0.157653103413605,-0.165268485702727,0.571748878923767
2340,genaiexp_estz_core,0.129543232830719,-0.307454945914858,0.513452914798206
2400,genaiexp_estz_core,0.245161448191358,0.277369688182941,0.681614349775785
2430,genaiexp_estz_core,0.597959160096826,2.06190504130253,0.957399103139013
2440,genaiexp_estz_core,0.17142858,-0.0955888246819099,0.596412556053812
2540,genaiexp_estz_core,0.27500001,0.428300282789614,0.717488789237668
2550,genaiexp_estz_core,0.424965475933115,1.18686153949188,0.87219730941704
2600,genaiexp_estz_core,0.149026631890956,-0.208903245468325,0.560538116591928
2630,genaiexp_estz_core,0.147795288428571,-0.215131675716891,0.558295964125561
2700,genaiexp_estz_core,0,-0.962715654651437,0.0874439461883408
2710,genaiexp_estz_core,0.168106219047263,-0.112394122380586,0.594170403587444
2720,genaiexp_estz_core,0.0357142866666667,-0.782064235956318,0.266816143497758
2740,genaiexp_estz_core,0.0259064403698959,-0.831674672373321,0.228699551569507
2750,genaiexp_estz_core,0.108333249794508,-0.414740121781665,0.455156950672646
2800,genaiexp_estz_core,0.25,0.301844242492795,0.688340807174888
2810,genaiexp_estz_core,1.16470413851313,4.92863692775505,1
2825,genaiexp_estz_core,0.6111111,2.12843070438736,0.966367713004484
2830,genaiexp_estz_core,0.42857143,1.20510131910759,0.875560538116592
2840,genaiexp_estz_core,0.63333333,2.24083606791982,0.973094170403587
2850,genaiexp_estz_core,0.61562502,2.15126319323103,0.968609865470852
2860,genaiexp_estz_core,0.41176471,1.12008890264946,0.854260089686099
2900,genaiexp_estz_core,0.058664110213991,-0.665978529938387,0.318385650224215
2910,genaiexp_estz_core,0,-0.962715654651437,0.0874439461883408
2920,genaiexp_estz_core,0.0235330577891973,-0.84367981010185,0.213004484304933
3000,genaiexp_estz_core,0.090909094,-0.502875676418976,0.412556053811659
3010,genaiexp_estz_core,0.0930529945093402,-0.492031313988661,0.426008968609866
3030,genaiexp_estz_core,0.17857143,-0.0594585780366432,0.603139013452915
3040,genaiexp_estz_core,0,-0.962715654651437,0.0874439461883408
3050,genaiexp_estz_core,0.16666667,-0.11967570636115,0.589686098654709
3060,genaiexp_estz_core,0.118400448067961,-0.363817820928831,0.486547085201794
3110,genaiexp_estz_core,0.072916672,-0.593885657673758,0.365470852017937
3120,genaiexp_estz_core,0.090909094,-0.502875676418976,0.418161434977579
3140,genaiexp_estz_core,0.090909094,-0.502875676418976,0.418161434977579
3150,genaiexp_estz_core,0.13585435,-0.275531803201051,0.526905829596413
3160,genaiexp_estz_core,0.041666668,-0.751955665049745,0.280269058295964
3200,genaiexp_estz_core,0.090909094,-0.502875676418976,0.418161434977579
3210,genaiexp_estz_core,0.180909391587661,-0.0476326081773619,0.60762331838565
3220,genaiexp_estz_core,0.06818182,-0.61783567350621,0.345291479820628
3230,genaiexp_estz_core,0.25,0.301844242492795,0.684977578475336
3245,genaiexp_estz_core,0.1,-0.456891695793744,0.445067264573991
3250,genaiexp_estz_core,0.10869565,-0.412907014715335,0.457399103139013
3255,genaiexp_estz_core,0.16097063,-0.148487641387268,0.57847533632287
3256,genaiexp_estz_core,0.083333336,-0.541195675448054,0.39237668161435
3258,genaiexp_estz_core,0.32804233,0.696601045683579,0.775784753363229
3260,genaiexp_estz_core,0.197119246805278,0.0343607232094839,0.618834080717489
3310,genaiexp_estz_core,0.055555556,-0.681702341926834,0.309417040358744
3320,genaiexp_estz_core,0.117034362690806,-0.37072780806493,0.477578475336323
3400,genaiexp_estz_core,0,-0.962715654651437,0.0874439461883408
3420,genaiexp_estz_core,0.0996520415138913,-0.458651753183361,0.441704035874439
3500,genaiexp_estz_core,0.13043478,-0.302945286728115,0.520179372197309
3510,genaiexp_estz_core,0,-0.962715654651437,0.0874439461883408
3520,genaiexp_estz_core,0.023809524,-0.842281377769464,0.217488789237668
3535,genaiexp_estz_core,0.368682406837446,0.902168291225555,0.811659192825112
3540,genaiexp_estz_core,0.153865283356263,-0.184428187071182,0.567264573991031
3600,genaiexp_estz_core,0.0209890416516151,-0.856548053242947,0.20627802690583
3610,genaiexp_estz_core,0.12977726974863,-0.306271131111491,0.515695067264574
3620,genaiexp_estz_core,0.0304738302302329,-0.8085717201653,0.237668161434978
3630,genaiexp_estz_core,0,-0.962715654651437,0.0874439461883408
3640,genaiexp_estz_core,0.125,-0.330435706079321,0.5
3645,genaiexp_estz_core,0.125,-0.330435706079321,0.5
3646,genaiexp_estz_core,0.60000002,2.07222819965951,0.960762331838565
3647,genaiexp_estz_core,0.11764706,-0.367628638279752,0.482062780269058
3648,genaiexp_estz_core,0.14285715,-0.240109963010165,0.545964125560538
3649,genaiexp_estz_core,0.083333336,-0.541195675448054,0.402466367713005
3655,genaiexp_estz_core,0.173006043256626,-0.0876096375877182,0.598654708520179
3700,genaiexp_estz_core,0.13043478,-0.302945286728115,0.517937219730942
3710,genaiexp_estz_core,0.22499999,0.175388202195976,0.665919282511211
3720,genaiexp_estz_core,0.16666658786845,-0.119676121802208,0.580717488789238
3740,genaiexp_estz_core,0.0333333217376283,-0.794107727019393,0.253363228699552
3750,genaiexp_estz_core,0.217010705263075,0.13497648585525,0.65695067264574
3800,genaiexp_estz_core,0.05769231,-0.670894128252984,0.316143497757848
3820,genaiexp_estz_core,0.24425167306445,0.272767827619312,0.679372197309417
3840,genaiexp_estz_core,0.086050724,-0.52745047588893,0.405829596412556
3850,genaiexp_estz_core,0.157191600842115,-0.16760287628007,0.569506726457399
3900,genaiexp_estz_core,0.0625,-0.646575680365379,0.334080717488789
3910,genaiexp_estz_core,0.23529412,0.227458378091933,0.672645739910314
3930,genaiexp_estz_core,0.141715908797543,-0.245882634440549,0.540358744394619
3940,genaiexp_estz_core,0,-0.962715654651437,0.0874439461883408
3945,genaiexp_estz_core,0.13461539,-0.281798759721714,0.524663677130045
3955,genaiexp_estz_core,0.0258744417301572,-0.831836529159629,0.226457399103139
4000,genaiexp_estz_core,0.14285715,-0.240109963010164,0.54932735426009
4010,genaiexp_estz_core,0.21153846,0.10729655822716,0.643497757847534
4020,genaiexp_estz_core,0.013372530560233,-0.895074191172211,0.181614349775785
4030,genaiexp_estz_core,0.032258064,-0.799546638275788,0.246636771300448
4040,genaiexp_estz_core,0,-0.962715654651437,0.0874439461883408
4050,genaiexp_estz_core,0.0356103356534731,-0.782590045086526,0.26457399103139
4110,genaiexp_estz_core,0.14,-0.254562112250667,0.538116591928251
4120,genaiexp_estz_core,0,-0.962715654651437,0.0874439461883408
4130,genaiexp_estz_core,0,-0.962715654651437,0.0874439461883408
4140,genaiexp_estz_core,0,-0.962715654651437,0.0874439461883408
4150,genaiexp_estz_core,0.31818181,0.646724173055625,0.76457399103139
4200,genaiexp_estz_core,0.23076923,0.204570400359977,0.670403587443946
4210,genaiexp_estz_core,0.14285715,-0.240109963010165,0.545964125560538
4220,genaiexp_estz_core,0.043478262,-0.742792188560517,0.285874439461883
4230,genaiexp_estz_core,0,-0.962715654651437,0.0874439461883408
4240,genaiexp_estz_core,0.06666667,-0.625499665218843,0.34304932735426
4250,genaiexp_estz_core,0.0230769236666667,-0.845987045778135,0.210762331838565
4320,genaiexp_estz_core,0.129190199598432,-0.309240672586495,0.511210762331839
4340,genaiexp_estz_core,0.052631579,-0.696492518144322,0.301569506726457
4350,genaiexp_estz_core,0.045454547,-0.732795665535206,0.290358744394619
4400,genaiexp_estz_core,0.0692492571285052,-0.612436320764489,0.349775784753363
4420,genaiexp_estz_core,0,-0.962715654651437,0.0874439461883408
4430,genaiexp_estz_core,0.101862909801844,-0.447468651684109,0.448430493273543
4460,genaiexp_estz_core,0.03846154,-0.768167970385802,0.275784753363229
4465,genaiexp_estz_core,0.11363637,-0.387915669215261,0.47085201793722
4500,genaiexp_estz_core,0.075000003,-0.583347670333448,0.373318385650224
4510,genaiexp_estz_core,0.043478262,-0.742792188560517,0.285874439461883
4520,genaiexp_estz_core,0.0555555553333333,-0.681702345298994,0.307174887892377
4530,genaiexp_estz_core,0.109884645982498,-0.406892788166005,0.459641255605381
4600,genaiexp_estz_core,0.059999999,-0.659221284395061,0.329596412556054
4620,genaiexp_estz_core,0.097537877,-0.46934570382429,0.437219730941704
4640,genaiexp_estz_core,0.033333335,-0.79410765993514,0.257847533632287
4700,genaiexp_estz_core,0.16666667,-0.11967570636115,0.589686098654709
4710,genaiexp_estz_core,0.19444445,0.0208309601176303,0.614349775784753
4720,genaiexp_estz_core,0.103655026888226,-0.438403694090407,0.45067264573991
4740,genaiexp_estz_core,0.3125,0.617984216778853,0.753363228699552
4750,genaiexp_estz_core,0.21052632,0.102176911609978,0.639013452914798
4760,genaiexp_estz_core,0.083333336,-0.541195675448054,0.396860986547085
4800,genaiexp_estz_core,0.55000001,1.81931616964827,0.95067264573991
4810,genaiexp_estz_core,0.15789473,-0.164046280537772,0.573991031390135
4820,genaiexp_estz_core,0.449888729486461,1.31292932729156,0.89237668161435
4830,genaiexp_estz_core,0.625,2.19868408820914,0.97085201793722
4840,genaiexp_estz_core,0,-0.962715654651437,0.0874439461883408
4850,genaiexp_estz_core,0.346577657622283,0.790357173649853,0.798206278026906
4900,genaiexp_estz_core,0.0384875939298346,-0.768036183366474,0.278026905829596
4920,genaiexp_estz_core,0.182312114162954,-0.040537301315225,0.609865470852018
4930,genaiexp_estz_core,0.31999999,0.655920963110784,0.766816143497758
4940,genaiexp_estz_core,0.5,1.56640413963703,0.92152466367713
4950,genaiexp_estz_core,0.16666667,-0.11967570636115,0.584080717488789
5000,genaiexp_estz_core,0.51724136,1.65361506934993,0.932735426008969
5010,genaiexp_estz_core,0.2631579,0.368400053175331,0.699551569506727
5020,genaiexp_estz_core,0.09375,-0.48850569322235,0.431614349775785
5100,genaiexp_estz_core,0.69999999,2.57805200677002,0.983183856502242
5110,genaiexp_estz_core,0.383333147367719,0.976275246977752,0.825112107623319
5120,genaiexp_estz_core,0.33333334,0.723364241929136,0.782511210762332
5130,genaiexp_estz_core,0,-0.962715654651437,0.0874439461883408
5140,genaiexp_estz_core,0.56818181,1.91128407019986,0.952914798206278
5150,genaiexp_estz_core,0.5,1.56640413963703,0.915919282511211
5160,genaiexp_estz_core,0.22413793,0.171027696176248,0.663677130044843
5200,genaiexp_estz_core,0.2,0.0489322630639487,0.62219730941704
5220,genaiexp_estz_core,0.533333100876387,1.73501095009999,0.943946188340807
5230,genaiexp_estz_core,0.406249640552382,1.09219236003577,0.84304932735426
5240,genaiexp_estz_core,0.332143882781696,0.71734768233859,0.778026905829596
5250,genaiexp_estz_core,0.20588236,0.0786866492902098,0.630044843049327
5260,genaiexp_estz_core,0.44736841,1.30018094748928,0.887892376681614
5300,genaiexp_estz_core,0.375,0.934124191064911,0.820627802690583
5310,genaiexp_estz_core,0.47058824,1.4176324108353,0.905829596412556
5320,genaiexp_estz_core,0.27272728,0.416804269929468,0.7152466367713
5330,genaiexp_estz_core,0.44444445,1.28539085726186,0.883408071748879
5340,genaiexp_estz_core,0.26666668,0.386148303078938,0.708520179372197
5350,genaiexp_estz_core,0.366541355,0.891338338060193,0.809417040358744
5360,genaiexp_estz_core,0.28947368,0.501511573375612,0.739910313901345
5400,genaiexp_estz_core,0.2631579,0.368400053175331,0.699551569506727
5410,genaiexp_estz_core,0.14285715,-0.240109963010164,0.552690582959641
5500,genaiexp_estz_core,0.31619623,0.636680633693339,0.760089686098655
5510,genaiexp_estz_core,0.20588236,0.0786866492902099,0.632286995515695
5520,genaiexp_estz_core,0.287393165,0.490987830037984,0.73542600896861
5530,genaiexp_estz_core,0.07692308,-0.573620286120167,0.380044843049327
5540,genaiexp_estz_core,0.095238097,-0.480978542065307,0.434977578475336
5550,genaiexp_estz_core,0.13636364,-0.272955692360984,0.533632286995516
5560,genaiexp_estz_core,0.05882353,-0.665172146465594,0.322869955156951
5600,genaiexp_estz_core,0.32352942,0.673773665661895,0.773542600896861
5610,genaiexp_estz_core,0.5,1.56640413963703,0.919282511210762
5620,genaiexp_estz_core,0.066666622239595,-0.625499906802414,0.340807174887892
5630,genaiexp_estz_core,0.13636364,-0.272955692360985,0.52914798206278
5700,genaiexp_estz_core,0.5087763725,1.61079713446062,0.928251121076233
5810,genaiexp_estz_core,0.44444445,1.28539085726186,0.885650224215247
5820,genaiexp_estz_core,0.69999999,2.57805200677002,0.983183856502242
5840,genaiexp_estz_core,0.40740711069343,1.09804712132581,0.845291479820628
5850,genaiexp_estz_core,0,-0.962715654651437,0.0874439461883408
5860,genaiexp_estz_core,0.5,1.56640413963703,0.923766816143498
5900,genaiexp_estz_core,0.27777779,0.442350959553972,0.728699551569507
5910,genaiexp_estz_core,0.81818181,3.17584396734409,0.988789237668161
5920,genaiexp_estz_core,0.641877248896697,2.28405325672468,0.975336322869955
5940,genaiexp_estz_core,0.47222221,1.42589742257585,0.908071748878924
6005,genaiexp_estz_core,0.0333333180734301,-0.794107745553785,0.251121076233184
6010,genaiexp_estz_core,0.045454547,-0.732795665535206,0.290358744394619
6040,genaiexp_estz_core,0,-0.962715654651437,0.0874439461883408
6050,genaiexp_estz_core,0.00664761085210471,-0.929090446269867,0.177130044843049
6120,genaiexp_estz_core,0,-0.962715654651437,0.0874439461883408
6130,genaiexp_estz_core,0,-0.962715654651437,0.0874439461883408
6200,genaiexp_estz_core,0.16666667,-0.11967570636115,0.584080717488789
6210,genaiexp_estz_core,0,-0.962715654651437,0.0874439461883408
6220,genaiexp_estz_core,0,-0.962715654651437,0.0874439461883408
6230,genaiexp_estz_core,0,-0.962715654651437,0.0874439461883408
6240,genaiexp_estz_core,0,-0.962715654651437,0.0874439461883408
6250,genaiexp_estz_core,0,-0.962715654651437,0.0874439461883408
6260,genaiexp_estz_core,0,-0.962715654651437,0.0874439461883408
6320,genaiexp_estz_core,0,-0.962715654651437,0.0874439461883408
6330,genaiexp_estz_core,0.0334220300419287,-0.793659019162745,0.262331838565022
6355,genaiexp_estz_core,0.047619049,-0.721847095829252,0.29372197309417
6360,genaiexp_estz_core,0,-0.962715654651437,0.0874439461883408
6400,genaiexp_estz_core,0.0300466932079377,-0.810732281561221,0.233183856502242
6420,genaiexp_estz_core,0.0261385635897209,-0.830500537513375,0.230941704035874
6440,genaiexp_estz_core,0.0166425110958997,-0.878533846172826,0.188340807174888
6460,genaiexp_estz_core,0,-0.962715654651437,0.0874439461883408
6515,genaiexp_estz_core,0.017857144,-0.872389941931718,0.199551569506726
6520,genaiexp_estz_core,0.020833334,-0.857335659850591,0.204035874439462
6530,genaiexp_estz_core,0,-0.962715654651437,0.0874439461883408
6600,genaiexp_estz_core,0,-0.962715654651437,0.0874439461883408
6660,genaiexp_estz_core,0.21627949753988,0.131277862002312,0.650224215246637
6700,genaiexp_estz_core,0.050000001,-0.709803670164351,0.295964125560538
6710,genaiexp_estz_core,0,-0.962715654651437,0.0874439461883408
6720,genaiexp_estz_core,0,-0.962715654651437,0.0874439461883408
6730,genaiexp_estz_core,0,-0.962715654651437,0.0874439461883408
6740,genaiexp_estz_core,0,-0.962715654651437,0.0874439461883408
6765,genaiexp_estz_core,0.0419580435,-0.750481817960504,0.282511210762332
6800,genaiexp_estz_core,0.0170117601866667,-0.876666095803862,0.195067264573991
6820,genaiexp_estz_core,0.00422018299999999,-0.941368957929797,0.174887892376682
6830,genaiexp_estz_core,0.0375182777765355,-0.772939216706939,0.271300448430493
6840,genaiexp_estz_core,0,-0.962715654651437,0.0874439461883408
6940,genaiexp_estz_core,0,-0.962715654651437,0.0874439461883408
7000,genaiexp_estz_core,0.15909091,-0.157995715506708,0.576233183856502
7010,genaiexp_estz_core,0.28,0.453591430150103,0.733183856502242
7020,genaiexp_estz_core,0.0871978241263014,-0.521648168618011,0.410313901345292
7030,genaiexp_estz_core,0.11538462,-0.379072601854532,0.475336322869955
7040,genaiexp_estz_core,0.025641026,-0.833017201846506,0.224215246636771
7100,genaiexp_estz_core,0.145473525292665,-0.22687570992623,0.556053811659193
7110,genaiexp_estz_core,0.125,-0.330435706079321,0.5
7120,genaiexp_estz_core,0.13636364,-0.272955692360984,0.531390134529148
7130,genaiexp_estz_core,0.09375,-0.48850569322235,0.431614349775785
7140,genaiexp_estz_core,0,-0.962715654651437,0.0874439461883408
7150,genaiexp_estz_core,0,-0.962715654651437,0.0874439461883408
7160,genaiexp_estz_core,0,-0.962715654651437,0.0874439461883408
7200,genaiexp_estz_core,0.0833332972056982,-0.541195871678927,0.390134529147982
7210,genaiexp_estz_core,0.01923077,-0.865441812518619,0.201793721973094
7220,genaiexp_estz_core,0.0686113246413676,-0.615663136125767,0.347533632286996
7240,genaiexp_estz_core,0.0168669956811034,-0.877398349356923,0.192825112107623
7260,genaiexp_estz_core,0.00797990317792924,-0.922351392483824,0.179372197309417
7300,genaiexp_estz_core,0.0160645872602484,-0.8814571233975,0.18609865470852
7315,genaiexp_estz_core,0.0333333138797432,-0.794107766766459,0.248878923766816
7320,genaiexp_estz_core,0.064516127,-0.63637762695838,0.336322869955157
7330,genaiexp_estz_core,0.187012457450832,-0.0167618388165798,0.612107623318386
7340,genaiexp_estz_core,0.13333334,-0.288283675786249,0.522421524663677
7350,genaiexp_estz_core,0.11111111,-0.400689039318711,0.464125560538117
7360,genaiexp_estz_core,0.021739131,-0.852753921605977,0.208520179372197
7410,genaiexp_estz_core,0,-0.962715654651437,0.0874439461883408
7420,genaiexp_estz_core,0,-0.962715654651437,0.0874439461883408
7430,genaiexp_estz_core,0.114554852275655,-0.383269765807138,0.473094170403588
7510,genaiexp_estz_core,0.052631579,-0.696492518144322,0.301569506726457
7540,genaiexp_estz_core,0.071428575,-0.601412808830801,0.356502242152466
7560,genaiexp_estz_core,0,-0.962715654651437,0.0874439461883408
7610,genaiexp_estz_core,0,-0.962715654651437,0.0874439461883408
7630,genaiexp_estz_core,0.0591067397699746,-0.663739603595237,0.327354260089686
7700,genaiexp_estz_core,0.44999999,1.31349210962578,0.894618834080718
7710,genaiexp_estz_core,0.033333335,-0.79410765993514,0.260089686098655
7720,genaiexp_estz_core,0.090909094,-0.502875676418976,0.418161434977579
7730,genaiexp_estz_core,0.083333336,-0.541195675448054,0.402466367713005
7740,genaiexp_estz_core,0,-0.962715654651437,0.0874439461883408
7750,genaiexp_estz_core,0,-0.962715654651437,0.0874439461883408
7800,genaiexp_estz_core,0.055555556,-0.681702341926834,0.311659192825112
7810,genaiexp_estz_core,0.0167369422789777,-0.878056190624185,0.190582959641256
7830,genaiexp_estz_core,0.050000001,-0.709803670164351,0.298206278026906
7840,genaiexp_estz_core,0.12,-0.355726904022205,0.491031390134529
7850,genaiexp_estz_core,0,-0.962715654651437,0.0874439461883408
7900,genaiexp_estz_core,0.419449689864927,1.15896137203965,0.865470852017937
7920,genaiexp_estz_core,0.0243015352339634,-0.839792667067806,0.219730941704036
7950,genaiexp_estz_core,0.0303019173903037,-0.809441296498015,0.23542600896861
8030,genaiexp_estz_core,0.086206898,-0.526660510379424,0.408071748878924
8040,genaiexp_estz_core,0,-0.962715654651437,0.0874439461883408
8100,genaiexp_estz_core,0.03154296875,-0.803163761378942,0.244394618834081
8130,genaiexp_estz_core,0.05882353,-0.665172146465594,0.320627802690583
8140,genaiexp_estz_core,0.0153527484304014,-0.885057774747318,0.183856502242152
8220,genaiexp_estz_core,0.0734531011103102,-0.591172270711522,0.367713004484305
8250,genaiexp_estz_core,0.2,0.0489322630639487,0.62219730941704
8255,genaiexp_estz_core,0.065217391,-0.632830465631536,0.338565022421525
8256,genaiexp_estz_core,0,-0.962715654651437,0.0874439461883408
8300,genaiexp_estz_core,0,-0.962715654651437,0.0874439461883408
8310,genaiexp_estz_core,0.017857144,-0.872389941931718,0.197309417040359
8320,genaiexp_estz_core,0,-0.962715654651437,0.0874439461883408
8330,genaiexp_estz_core,0,-0.962715654651437,0.0874439461883408
8350,genaiexp_estz_core,0,-0.962715654651437,0.0874439461883408
8420,genaiexp_estz_core,0.0245297094027249,-0.838638507454286,0.221973094170404
8450,genaiexp_estz_core,0,-0.962715654651437,0.0874439461883408
8460,genaiexp_estz_core,0.070144922865991,-0.607905828873006,0.352017937219731
8500,genaiexp_estz_core,0.075000003,-0.583347670333448,0.373318385650224
8510,genaiexp_estz_core,0,-0.962715654651437,0.0874439461883408
8530,genaiexp_estz_core,0,-0.962715654651437,0.0874439461883408
8540,genaiexp_estz_core,0.057692308,-0.670894138369463,0.31390134529148
8550,genaiexp_estz_core,0.0333333333333333,-0.794107668365539,0.255605381165919
8600,genaiexp_estz_core,0.111273966609861,-0.399865271567449,0.466367713004484
8610,genaiexp_estz_core,0.079999998,-0.558056497681762,0.385650224215247
8620,genaiexp_estz_core,0.125,-0.330435706079321,0.504484304932736
8630,genaiexp_estz_core,0.0986036600954671,-0.463954717577962,0.439461883408072
8640,genaiexp_estz_core,0.119930621536259,-0.356077836914095,0.488789237668162
8650,genaiexp_estz_core,0.0935301025778816,-0.489617987068335,0.428251121076233
8710,genaiexp_estz_core,0.062181183949826,-0.648188328331842,0.331838565022422
8720,genaiexp_estz_core,0.035714287,-0.782064234270238,0.269058295964126
8730,genaiexp_estz_core,0.11111111,-0.400689039318711,0.461883408071749
8740,genaiexp_estz_core,0.265625,0.380879236064309,0.70627802690583
8750,genaiexp_estz_core,0.0310579983613268,-0.805616857798216,0.239910313901345
8760,genaiexp_estz_core,0,-0.962715654651437,0.0874439461883408
8800,genaiexp_estz_core,0,-0.962715654651437,0.0874439461883408
8810,genaiexp_estz_core,0,-0.962715654651437,0.0874439461883408
8830,genaiexp_estz_core,0.03125,-0.804645667508408,0.242152466367713
8850,genaiexp_estz_core,0.05882353,-0.665172146465594,0.325112107623318
8860,genaiexp_estz_core,0.0785922568979492,-0.565177189454622,0.383408071748879
8910,genaiexp_estz_core,0,-0.962715654651437,0.0874439461883408
8920,genaiexp_estz_core,0,-0.962715654651437,0.0874439461883408
8930,genaiexp_estz_core,0,-0.962715654651437,0.0874439461883408
8940,genaiexp_estz_core,0,-0.962715654651437,0.0874439461883408
8950,genaiexp_estz_core,0,-0.962715654651437,0.0874439461883408
8965,genaiexp_estz_core,0.083333336,-0.541195675448054,0.396860986547085
9000,genaiexp_estz_core,0,-0.962715654651437,0.0874439461883408
9030,genaiexp_estz_core,0.0763682837596771,-0.576426578426561,0.376681614349776
9040,genaiexp_estz_core,0.0735725042786885,-0.590568300878229,0.369955156950673
9050,genaiexp_estz_core,0.1,-0.456891695793744,0.445067264573991
9110,genaiexp_estz_core,0,-0.962715654651437,0.0874439461883408
9120,genaiexp_estz_core,0,-0.962715654651437,0.0874439461883408
9130,genaiexp_estz_core,0.125885548688586,-0.325956388645103,0.506726457399103
9140,genaiexp_estz_core,0,-0.962715654651437,0.0874439461883408
9200,genaiexp_estz_core,0.0716539182006234,-0.600272968932391,0.360986547085202
9260,genaiexp_estz_core,0.111798500566685,-0.397212053141488,0.468609865470852
9300,genaiexp_estz_core,0.11764706,-0.367628638279752,0.482062780269058
9310,genaiexp_estz_core,0.124931576384325,-0.330781809120923,0.495515695067265
9350,genaiexp_estz_core,0,-0.962715654651437,0.0874439461883408
9360,genaiexp_estz_core,0,-0.962715654651437,0.0874439461883408
9410,genaiexp_estz_core,0.092063494,-0.497036444637922,0.423766816143498
9415,genaiexp_estz_core,0.071428575,-0.601412808830801,0.356502242152466
9420,genaiexp_estz_core,0.120851724333981,-0.35141867827751,0.493273542600897
9510,genaiexp_estz_core,0,-0.962715654651437,0.0874439461883408
9520,genaiexp_estz_core,0,-0.962715654651437,0.0874439461883408
9560,genaiexp_estz_core,0,-0.962715654651437,0.0874439461883408
9600,genaiexp_estz_core,0,-0.962715654651437,0.0874439461883408
9610,genaiexp_estz_core,0,-0.962715654651437,0.0874439461883408
9620,genaiexp_estz_core,0.0237463616340006,-0.84260086814967,0.2152466367713
9630,genaiexp_estz_core,0.07692308,-0.573620286120167,0.380044843049327
9640,genaiexp_estz_core,0.083333336,-0.541195675448054,0.396860986547085
9650,genaiexp_estz_core,0.0536991555048488,-0.691092460403662,0.304932735426009
9720,genaiexp_estz_core,0,-0.962715654651437,0.0874439461883408
9750,genaiexp_estz_core,0.10526316,-0.430269371520729,0.452914798206278
0010,genaiexp_estz_total,0.47939068,1.01851346892527,0.829596412556054
0020,genaiexp_estz_total,0.29411766,0.223675803886943,0.655829596412556
0040,genaiexp_estz_total,0.36666667,0.534917482298846,0.713004484304933
0050,genaiexp_estz_total,0.372058825,0.558050304820575,0.717488789237668
0060,genaiexp_estz_total,0,-1.03811500689023,0.0672645739910314
0100,genaiexp_estz_total,0.210292445,-0.135941792684515,0.567264573991031
0110,genaiexp_estz_total,0.55882353,1.35928743062428,0.896860986547085
0120,genaiexp_estz_total,0.435539743311318,0.83038906674639,0.786995515695067
0135,genaiexp_estz_total,0.41666666,0.749421867791886,0.752242152466368
0136,genaiexp_estz_total,0.38461539,0.611919080778899,0.73542600896861
0137,genaiexp_estz_total,0.5,1.10692927704902,0.853139013452915
0140,genaiexp_estz_total,0.22676244,-0.0652840554219988,0.589686098654709
0150,genaiexp_estz_total,0.41666666,0.749421867791886,0.752242152466368
0160,genaiexp_estz_total,0.424140029591088,0.781483285238142,0.773542600896861
0205,genaiexp_estz_total,0.0833332959698827,-0.680607786526204,0.338565022421525
0220,genaiexp_estz_total,0.18000001,-0.265899021771217,0.52914798206278
0230,genaiexp_estz_total,0.359002451983018,0.502037308202465,0.699551569506727
0300,genaiexp_estz_total,0.51190478,1.15800183763013,0.865470852017937
0310,genaiexp_estz_total,0.19642857,-0.195419044328511,0.553811659192825
0340,genaiexp_estz_total,0.22916667,-0.0549696957844479,0.596412556053812
0350,genaiexp_estz_total,0.30555555,0.272745365016595,0.663677130044843
0360,genaiexp_estz_total,0.43073595,0.809780367979053,0.780269058295964
0410,genaiexp_estz_total,0.35185185,0.471360592381668,0.695067264573991
0420,genaiexp_estz_total,0.375,0.570668206064205,0.724215246636771
0425,genaiexp_estz_total,0.52173913,1.20019207013764,0.869955156950673
0430,genaiexp_estz_total,0.224501825023868,-0.0749822938874789,0.582959641255605
0500,genaiexp_estz_total,0.53571427,1.26014665848615,0.885650224215247
0540,genaiexp_estz_total,0.494663328492001,1.08403448362203,0.838565022421525
0565,genaiexp_estz_total,0.391452540721628,0.641251062926618,0.742152466367713
0600,genaiexp_estz_total,0.42857143,0.800494385472109,0.776905829596413
0630,genaiexp_estz_total,0.4517858939738,0.900086491975537,0.800448430493274
0640,genaiexp_estz_total,0.60416669,1.55381360297176,0.923766816143498
0650,genaiexp_estz_total,0.47499999,0.99967701995117,0.825112107623319
0700,genaiexp_estz_total,0.46713912,0.96595319143059,0.81390134529148
0710,genaiexp_estz_total,0.45454547,0.911925317537728,0.804932735426009
0725,genaiexp_estz_total,0.45238096,0.902639377931669,0.802690582959641
0726,genaiexp_estz_total,0.375,0.570668206064206,0.729820627802691
0735,genaiexp_estz_total,0.492430415499874,1.07445508912144,0.836322869955157
0740,genaiexp_estz_total,0.537535157884716,1.26795842878375,0.887892376681614
0800,genaiexp_estz_total,0.499999694167789,1.10692796500175,0.840807174887892
0820,genaiexp_estz_total,0.42307693,0.776922493835901,0.769058295964126
0830,genaiexp_estz_total,0.63636363,1.69194132718643,0.943946188340807
0840,genaiexp_estz_total,0,-1.03811500689023,0.0672645739910314
0850,genaiexp_estz_total,0.47619048,1.00478432749034,0.827354260089686
0860,genaiexp_estz_total,0.5,1.10692927704902,0.844170403587444
0900,genaiexp_estz_total,0.24814988769786,0.0264699894426893,0.612107623318386
0910,genaiexp_estz_total,0.431501963503184,0.813066633751902,0.782511210762332
0930,genaiexp_estz_total,0.44,0.849523962976308,0.791479820627803
0940,genaiexp_estz_total,0.58333331,1.46443655760349,0.910313901345291
0950,genaiexp_estz_total,0.503756226065202,1.12304381954971,0.860986547085202
1005,genaiexp_estz_total,0.60000002,1.53593821963864,0.918161434977578
1006,genaiexp_estz_total,0.65106952,1.75503089775591,0.948430493273543
1007,genaiexp_estz_total,0.75,2.17945141901865,0.966367713004484
1010,genaiexp_estz_total,0.85294116,2.6210781126988,0.982062780269058
1020,genaiexp_estz_total,0.878899505905306,2.73244171570818,0.986547085201794
1030,genaiexp_estz_total,0.958833638435499,3.07536622385925,0.995515695067265
1050,genaiexp_estz_total,0.633345620745916,1.67899380018774,0.941704035874439
1060,genaiexp_estz_total,0.934240306297176,2.96985865080659,0.988789237668161
1105,genaiexp_estz_total,0.52499998,1.21418140544421,0.874439461883408
1106,genaiexp_estz_total,0.59440559,1.51193761945184,0.912556053811659
1107,genaiexp_estz_total,1.14931899502687,3.89256527452014,0.997757847533632
1200,genaiexp_estz_total,0.43333334,0.820923401124375,0.7847533632287
1220,genaiexp_estz_total,0.6875,1.91132088352624,0.952914798206278
1240,genaiexp_estz_total,0.674450485050047,1.85533730862309,0.95067264573991
1300,genaiexp_estz_total,0.29276316,0.217864878921752,0.652466367713005
1310,genaiexp_estz_total,0.266168738939891,0.103772457162429,0.623318385650224
1320,genaiexp_estz_total,0.3611111,0.511083594953798,0.702914798206278
1340,genaiexp_estz_total,0.47023809,0.97924804719979,0.818385650224215
1350,genaiexp_estz_total,0.34615386,0.446915710622782,0.688340807174888
1360,genaiexp_estz_total,0.335748616967979,0.402276296445111,0.683856502242152
1400,genaiexp_estz_total,0.3611111,0.511083594953798,0.70627802690583
1410,genaiexp_estz_total,0.483155837597101,1.03466632848885,0.831838565022422
1420,genaiexp_estz_total,0.517346530884168,1.18134743088754,0.867713004484305
1430,genaiexp_estz_total,0.438769598647891,0.844245432201723,0.789237668161435
1440,genaiexp_estz_total,0.216666557275833,-0.108596286479588,0.576233183856502
1450,genaiexp_estz_total,0.42857143,0.800494385472109,0.776905829596413
1460,genaiexp_estz_total,0.37366301,0.564932400549837,0.719730941704036
1520,genaiexp_estz_total,0.21980676,-0.0951245386718196,0.57847533632287
1530,genaiexp_estz_total,0.424093725741332,0.781284637621658,0.771300448430493
1540,genaiexp_estz_total,0.366282676778702,0.533270117370011,0.710762331838565
1550,genaiexp_estz_total,0.37140673340283,0.555252774114347,0.7152466367713
1560,genaiexp_estz_total,0.249999914206534,0.0344067670178243,0.614349775784753
1600,genaiexp_estz_total,0.420108223480861,0.764186479936757,0.762331838565022
1610,genaiexp_estz_total,0.444884906630136,0.87048064506541,0.795964125560538
1640,genaiexp_estz_total,0.209557297711178,-0.139095639663997,0.565022421524664
1650,genaiexp_estz_total,0.46444834852289,0.954409543477867,0.811659192825112
1700,genaiexp_estz_total,0.620243168358079,1.6227831189875,0.930493273542601
1710,genaiexp_estz_total,0.46296296,0.948037095156959,0.809417040358744
1720,genaiexp_estz_total,0.34877766810439,0.458172079775731,0.690582959641256
1740,genaiexp_estz_total,0.467838878776125,0.968955218556316,0.816143497757848
1760,genaiexp_estz_total,0.375,0.570668206064205,0.721973094170404
1800,genaiexp_estz_total,0.56923079,1.40393549777322,0.905829596412556
1820,genaiexp_estz_total,0.238908556879745,-0.0131761382520871,0.60762331838565
1840,genaiexp_estz_total,0.54000002,1.27853290556593,0.890134529147982
1860,genaiexp_estz_total,0.460548650892662,0.937679495256241,0.807174887892377
1900,genaiexp_estz_total,0.324085681139779,0.35224126878065,0.677130044843049
1910,genaiexp_estz_total,0.3611111,0.511083594953798,0.702914798206278
1920,genaiexp_estz_total,0.25,0.0344071350793922,0.617713004484305
1930,genaiexp_estz_total,0.11340852,-0.551582411738213,0.396860986547085
1965,genaiexp_estz_total,0.399243169695271,0.674673551223028,0.744394618834081
2000,genaiexp_estz_total,0.268382356666667,0.113269073265724,0.625560538116592
2010,genaiexp_estz_total,0.19571775,-0.198468525084331,0.551569506726457
2015,genaiexp_estz_total,0.16666667,-0.323100231276855,0.517937219730942
2016,genaiexp_estz_total,0.25,0.0344071350793922,0.617713004484305
2025,genaiexp_estz_total,0.39140374162933,0.641041710498625,0.739910313901345
2040,genaiexp_estz_total,0.071428575,-0.731680093862882,0.306053811659193
2050,genaiexp_estz_total,0.31578946,0.316649745312292,0.674887892376682
2100,genaiexp_estz_total,0.38636363,0.619419185216807,0.737668161434978
2105,genaiexp_estz_total,0.52631581,1.21982643268448,0.878923766816144
2145,genaiexp_estz_total,0.5,1.10692927704902,0.853139013452915
2160,genaiexp_estz_total,0.48529412,1.04383974938043,0.834080717488789
2200,genaiexp_estz_total,0.327776054916641,0.368073299131964,0.679372197309417
2300,genaiexp_estz_total,0.0716650990662925,-0.730665384670052,0.311659192825112
2310,genaiexp_estz_total,0.126874397546255,-0.493812604420572,0.426008968609866
2320,genaiexp_estz_total,0.229710934201225,-0.0526347541568662,0.600896860986547
2330,genaiexp_estz_total,0.163227612681296,-0.337854091764104,0.502242152466368
2340,genaiexp_estz_total,0.151628292129092,-0.387616204260276,0.479820627802691
2400,genaiexp_estz_total,0.276191838796296,0.1467724432711,0.634529147982063
2430,genaiexp_estz_total,0.597959160096826,1.52718274989939,0.914798206278027
2440,genaiexp_estz_total,0.35714287,0.494059536796085,0.697309417040359
2540,genaiexp_estz_total,0.34999999,0.463415948966357,0.692825112107623
2550,genaiexp_estz_total,0.440834365350346,0.853103464227263,0.79372197309417
2600,genaiexp_estz_total,0.234566816740293,-0.0318025879890511,0.605381165919282
2630,genaiexp_estz_total,0.182384456857143,-0.255669533568675,0.535874439461883
2700,genaiexp_estz_total,0.052631579,-0.81232087151294,0.252242152466368
2710,genaiexp_estz_total,0.242739583279468,0.00325930430860493,0.609865470852018
2720,genaiexp_estz_total,0.0758928566666667,-0.712527930120925,0.318385650224215
2740,genaiexp_estz_total,0.0259064403698959,-0.926974083224917,0.168161434977579
2750,genaiexp_estz_total,0.166666543017053,-0.323100776044946,0.504484304932736
2800,genaiexp_estz_total,0.375,0.570668206064206,0.726457399103139
2810,genaiexp_estz_total,1.16470413851313,3.95856890270572,1
2825,genaiexp_estz_total,0.69444442,1.94111306037879,0.955156950672646
2830,genaiexp_estz_total,0.64285713,1.71979901730195,0.946188340807175
2840,genaiexp_estz_total,0.63333333,1.67894107179919,0.939461883408072
2850,genaiexp_estz_total,0.74687499,2.16604484934314,0.964125560538117
2860,genaiexp_estz_total,0.82352942,2.49489914316338,0.975336322869955
2900,genaiexp_estz_total,0.187282406735438,-0.234656894789759,0.542600896860987
2910,genaiexp_estz_total,0.05172414,-0.816213865192887,0.246636771300448
2920,genaiexp_estz_total,0.056623192112153,-0.795196497733098,0.269058295964126
3000,genaiexp_estz_total,0.090909094,-0.648106942004642,0.354260089686099
3010,genaiexp_estz_total,0.0930529945093402,-0.638909418938852,0.365470852017937
3030,genaiexp_estz_total,0.2857143,0.187624645219175,0.643497757847534
3040,genaiexp_estz_total,0,-1.03811500689023,0.0672645739910314
3050,genaiexp_estz_total,0.21428572,-0.118810289258619,0.572869955156951
3060,genaiexp_estz_total,0.127632931235356,-0.490558427712609,0.428251121076233
3110,genaiexp_estz_total,0.072916672,-0.725296025935287,0.31390134529148
3120,genaiexp_estz_total,0.090909094,-0.648106942004642,0.359865470852018
3140,genaiexp_estz_total,0.090909094,-0.648106942004642,0.359865470852018
3150,genaiexp_estz_total,0.15056023,-0.392198285390076,0.477578475336323
3160,genaiexp_estz_total,0.041666668,-0.859361310841845,0.217488789237668
3200,genaiexp_estz_total,0.090909094,-0.648106942004642,0.359865470852018
3210,genaiexp_estz_total,0.180909391587661,-0.261997694218152,0.533632286995516
3220,genaiexp_estz_total,0.06818182,-0.745608960371084,0.298206278026906
3230,genaiexp_estz_total,0.29166666,0.213160796807073,0.650224215246637
3245,genaiexp_estz_total,0.1,-0.609106150102384,0.380044843049327
3250,genaiexp_estz_total,0.13043478,-0.478538248358486,0.43609865470852
3255,genaiexp_estz_total,0.18319285,-0.252201455388152,0.538116591928251
3256,genaiexp_estz_total,0.083333336,-0.680607614793456,0.340807174887892
3258,genaiexp_estz_total,0.32804233,0.369215642822994,0.681614349775785
3260,genaiexp_estz_total,0.197119246805278,-0.192455979662091,0.556053811659193
3310,genaiexp_estz_total,0.055555556,-0.7997767512125,0.266816143497758
3320,genaiexp_estz_total,0.137800951037963,-0.446936722199481,0.455156950672646
3400,genaiexp_estz_total,0,-1.03811500689023,0.0672645739910314
3420,genaiexp_estz_total,0.153601600959557,-0.379150534605804,0.488789237668162
3500,genaiexp_estz_total,0.13043478,-0.478538248358486,0.43609865470852
3510,genaiexp_estz_total,0,-1.03811500689023,0.0672645739910314
3520,genaiexp_estz_total,0.023809524,-0.935970040171205,0.165919282511211
3535,genaiexp_estz_total,0.417765749759211,0.75413706020295,0.757847533632287
3540,genaiexp_estz_total,0.159539612428067,-0.353675939488818,0.5
3600,genaiexp_estz_total,0.0326640941533212,-0.897983149982964,0.192825112107623
3610,genaiexp_estz_total,0.12977726974863,-0.481359025571152,0.430493273542601
3620,genaiexp_estz_total,0.0304738302302329,-0.907379576200042,0.181614349775785
3630,genaiexp_estz_total,0,-1.03811500689023,0.0672645739910314
3640,genaiexp_estz_total,0.125,-0.501853935905421,0.418161434977579
3645,genaiexp_estz_total,0.125,-0.501853935905421,0.418161434977579
3646,genaiexp_estz_total,0.60000002,1.53593821963864,0.918161434977578
3647,genaiexp_estz_total,0.5,1.10692927704902,0.853139013452915
3648,genaiexp_estz_total,0.14285715,-0.425245180835529,0.466367713004484
3649,genaiexp_estz_total,0.083333336,-0.680607614793456,0.347533632286996
3655,genaiexp_estz_total,0.191423714431472,-0.216890317986938,0.544843049327354
3700,genaiexp_estz_total,0.13043478,-0.478538248358486,0.432735426008969
3710,genaiexp_estz_total,0.22499999,-0.0728451220184558,0.585201793721973
3720,genaiexp_estz_total,0.16666658786845,-0.323100583628478,0.506726457399103
3740,genaiexp_estz_total,0.0333333217376283,-0.895112104374219,0.199551569506726
3750,genaiexp_estz_total,0.272665256537407,0.131643093038554,0.62780269058296
3800,genaiexp_estz_total,0.067307695,-0.749359034040481,0.295964125560538
3820,genaiexp_estz_total,0.288661054541467,0.200266483189867,0.647982062780269
3840,genaiexp_estz_total,0.107336955,-0.577629963333845,0.385650224215247
3850,genaiexp_estz_total,0.179828798161665,-0.266633535721542,0.526905829596413
3900,genaiexp_estz_total,0.0625,-0.769984471397827,0.2847533632287
3910,genaiexp_estz_total,0.29411766,0.223675803886943,0.655829596412556
3930,genaiexp_estz_total,0.177144878556844,-0.278147788535293,0.524663677130045
3940,genaiexp_estz_total,0,-1.03811500689023,0.0672645739910314
3945,genaiexp_estz_total,0.13461539,-0.460603061190728,0.446188340807175
3955,genaiexp_estz_total,0.0341027228549756,-0.891811305436574,0.210762331838565
4000,genaiexp_estz_total,0.14285715,-0.425245180835529,0.47085201793722
4010,genaiexp_estz_total,0.30769232,0.28191229756578,0.668161434977579
4020,genaiexp_estz_total,0.0546083144897865,-0.803840501186487,0.262331838565022
4030,genaiexp_estz_total,0.064516127,-0.761335108003736,0.286995515695067
4040,genaiexp_estz_total,0,-1.03811500689023,0.0672645739910314
4050,genaiexp_estz_total,0.0356103356534731,-0.885343513004953,0.213004484304933
4110,genaiexp_estz_total,0.14,-0.437502607387243,0.457399103139013
4120,genaiexp_estz_total,0,-1.03811500689023,0.0672645739910314
4130,genaiexp_estz_total,0,-1.03811500689023,0.0672645739910314
4140,genaiexp_estz_total,0,-1.03811500689023,0.0672645739910314
4150,genaiexp_estz_total,0.36363637,0.521917226911604,0.708520179372197
4200,genaiexp_estz_total,0.23076923,-0.0480945714491091,0.603139013452915
4210,genaiexp_estz_total,0.14285715,-0.425245180835529,0.466367713004484
4220,genaiexp_estz_total,0.043478262,-0.851589412132808,0.223094170403587
4230,genaiexp_estz_total,0,-1.03811500689023,0.0672645739910314
4240,genaiexp_estz_total,0.06666667,-0.752109088064705,0.29372197309417
4250,genaiexp_estz_total,0.0294871803333333,-0.911612391643229,0.177130044843049
4320,genaiexp_estz_total,0.152049215922727,-0.385810403905255,0.482062780269058
4340,genaiexp_estz_total,0.052631579,-0.81232087151294,0.252242152466368
4350,genaiexp_estz_total,0.045454547,-0.843110974447438,0.226457399103139
4400,genaiexp_estz_total,0.0768768692592184,-0.708306428946971,0.322869955156951
4420,genaiexp_estz_total,0,-1.03811500689023,0.0672645739910314
4430,genaiexp_estz_total,0.153273624985891,-0.380557580580965,0.486547085201794
4460,genaiexp_estz_total,0.142232993419659,-0.427922867845418,0.461883408071749
4465,genaiexp_estz_total,0.11363637,-0.550604915058022,0.399103139013453
4500,genaiexp_estz_total,0.125,-0.501853935905421,0.418161434977579
4510,genaiexp_estz_total,0.043478262,-0.851589412132808,0.223094170403587
4520,genaiexp_estz_total,0.0555555553333333,-0.799776754072559,0.26457399103139
4530,genaiexp_estz_total,0.13423456121188,-0.46223685042096,0.443946188340807
4600,genaiexp_estz_total,0.059999999,-0.780709697107612,0.278026905829596
4620,genaiexp_estz_total,0.118371212,-0.530292023523111,0.405829596412556
4640,genaiexp_estz_total,0.06666667,-0.752109088064705,0.291479820627803
4700,genaiexp_estz_total,0.21428572,-0.118810289258619,0.572869955156951
4710,genaiexp_estz_total,0.41666666,0.749421867791886,0.755605381165919
4720,genaiexp_estz_total,0.17260464321758,-0.297625800259746,0.520179372197309
4740,genaiexp_estz_total,0.3125,0.302537670571799,0.672645739910314
4750,genaiexp_estz_total,0.21052632,-0.134938448220702,0.569506726457399
4760,genaiexp_estz_total,0.20833333,-0.144346569549174,0.562780269058296
4800,genaiexp_estz_total,0.60000002,1.53593821963864,0.92152466367713
4810,genaiexp_estz_total,0.15789473,-0.360732630788971,0.496636771300448
4820,genaiexp_estz_total,0.533201495678134,1.24936663409425,0.883408071748879
4830,genaiexp_estz_total,0.625,1.64319034803383,0.934977578475336
4840,genaiexp_estz_total,0,-1.03811500689023,0.0672645739910314
4850,genaiexp_estz_total,0.503216951268116,1.12073028290778,0.858744394618834
4900,genaiexp_estz_total,0.203337643134626,-0.165778508659014,0.558295964125561
4920,genaiexp_estz_total,0.282774868766393,0.175014224887814,0.641255605381166
4930,genaiexp_estz_total,0.41999999,0.763722148717852,0.760089686098655
4940,genaiexp_estz_total,0.95833331,3.07321977055793,0.993273542600897
4950,genaiexp_estz_total,0.16666667,-0.323100231276855,0.513452914798206
5000,genaiexp_estz_total,0.62068963,1.6246984789735,0.932735426008969
5010,genaiexp_estz_total,0.5,1.10692927704902,0.844170403587444
5020,genaiexp_estz_total,0.40625,0.704733473810409,0.748878923766816
5100,genaiexp_estz_total,0.83333331,2.53695869957312,0.977578475336323
5110,genaiexp_estz_total,0.58333303208132,1.46443536530774,0.908071748878924
5120,genaiexp_estz_total,0.86666667,2.6799617662381,0.984304932735426
5130,genaiexp_estz_total,0.05882353,-0.785756853314976,0.272421524663677
5140,genaiexp_estz_total,0.77272725,2.27695333442296,0.97085201793722
5150,genaiexp_estz_total,0.52631581,1.21982643268448,0.876681614349776
5160,genaiexp_estz_total,0.37931034,0.589159946421875,0.733183856502242
5200,genaiexp_estz_total,0.30000001,0.248911606374203,0.659192825112108
5220,genaiexp_estz_total,0.566666384681178,1.39293397183153,0.903587443946188
5230,genaiexp_estz_total,0.562499502303298,1.37505767737849,0.899103139013453
5240,genaiexp_estz_total,0.564644582793113,1.38426026266503,0.901345291479821
5250,genaiexp_estz_total,0.47058824,0.980750221711832,0.820627802690583
5260,genaiexp_estz_total,0.55263156,1.33272333091463,0.894618834080718
5300,genaiexp_estz_total,0.375,0.570668206064206,0.729820627802691
5310,genaiexp_estz_total,0.61764705,1.61164554129865,0.928251121076233
5320,genaiexp_estz_total,0.30303031,0.261911861761446,0.661434977578475
5330,genaiexp_estz_total,0.47222221,0.987760097729088,0.822869955156951
5340,genaiexp_estz_total,0.40000001,0.677920463162054,0.746636771300449
5350,genaiexp_estz_total,0.632205515,1.67410264556101,0.937219730941704
5360,genaiexp_estz_total,0.5,1.10692927704902,0.847533632286996
5400,genaiexp_estz_total,0.42105263,0.768238067547943,0.76457399103139
5410,genaiexp_estz_total,0.30952382,0.28976959477785,0.670403587443946
5500,genaiexp_estz_total,0.42137098,0.769603817243528,0.766816143497758
5510,genaiexp_estz_total,0.20588236,-0.154861447926387,0.560538116591928
5520,genaiexp_estz_total,0.306623935,0.277328831291188,0.665919282511211
5530,genaiexp_estz_total,0.07692308,-0.70810818077623,0.326233183856502
5540,genaiexp_estz_total,0.2857143,0.187624645219176,0.645739910313901
5550,genaiexp_estz_total,0.22727273,-0.0630948661266952,0.591928251121076
5560,genaiexp_estz_total,0.2647059,0.0974967485497567,0.621076233183857
5600,genaiexp_estz_total,0.7647059,2.24254103248901,0.968609865470852
5610,genaiexp_estz_total,0.54545456,1.30193336526297,0.89237668161435
5620,genaiexp_estz_total,0.0833332762994949,-0.68060787091391,0.336322869955157
5630,genaiexp_estz_total,0.52272725,1.20443119245333,0.87219730941704
5700,genaiexp_estz_total,0.732802345,2.10567195590883,0.959641255605381
5810,genaiexp_estz_total,0.72222221,2.06028223969872,0.957399103139013
5820,genaiexp_estz_total,0.85000002,2.60846036160827,0.979820627802691
5840,genaiexp_estz_total,0.611110666040145,1.58360387519721,0.926008968609865
5850,genaiexp_estz_total,0.27586207,0.145357705928066,0.632286995515695
5860,genaiexp_estz_total,0.73809522,2.12837885843754,0.961883408071749
5900,genaiexp_estz_total,0.27777779,0.153576314399322,0.636771300448431
5910,genaiexp_estz_total,0.95454544,3.05696947277432,0.991031390134529
5920,genaiexp_estz_total,0.820176529632744,2.48051494652947,0.973094170403587
5940,genaiexp_estz_total,0.52777779,1.22609845636895,0.881165919282511
6005,genaiexp_estz_total,0.0333333180734301,-0.895112120093953,0.197309417040359
6010,genaiexp_estz_total,0.34090909,0.42441518280463,0.68609865470852
6040,genaiexp_estz_total,0.16666667,-0.323100231276855,0.508968609865471
6050,genaiexp_estz_total,0.0274809448521047,-0.92021931954572,0.172645739910314
6120,genaiexp_estz_total,0.023809524,-0.935970040171205,0.163677130044843
6130,genaiexp_estz_total,0,-1.03811500689023,0.0672645739910314
6200,genaiexp_estz_total,0.16666667,-0.323100231276855,0.513452914798206
6210,genaiexp_estz_total,0,-1.03811500689023,0.0672645739910314
6220,genaiexp_estz_total,0,-1.03811500689023,0.0672645739910314
6230,genaiexp_estz_total,0,-1.03811500689023,0.0672645739910314
6240,genaiexp_estz_total,0,-1.03811500689023,0.0672645739910314
6250,genaiexp_estz_total,0,-1.03811500689023,0.0672645739910314
6260,genaiexp_estz_total,0.03125,-0.904049739144031,0.188340807174888
6320,genaiexp_estz_total,0.0485327216487384,-0.829905332576952,0.233183856502242
6330,genaiexp_estz_total,0.0334220300419287,-0.894731537892064,0.20627802690583
6355,genaiexp_estz_total,0.047619049,-0.833825069162088,0.230941704035874
6360,genaiexp_estz_total,0,-1.03811500689023,0.0672645739910314
6400,genaiexp_estz_total,0.0300466932079377,-0.909212031856308,0.179372197309417
6420,genaiexp_estz_total,0.0261385635897209,-0.925978254053207,0.170403587443946
6440,genaiexp_estz_total,0.0166425110958997,-0.966717160296924,0.143497757847534
6460,genaiexp_estz_total,0,-1.03811500689023,0.0672645739910314
6515,genaiexp_estz_total,0.017857144,-0.961506277560874,0.150224215246637
6520,genaiexp_estz_total,0.0625,-0.769984471397827,0.281390134529148
6530,genaiexp_estz_total,0,-1.03811500689023,0.0672645739910314
6600,genaiexp_estz_total,0.00835199728107503,-1.00228419883574,0.141255605381166
6660,genaiexp_estz_total,0.229406282518814,-0.0539417368567658,0.598654708520179
6700,genaiexp_estz_total,0.050000001,-0.82361057420622,0.238789237668161
6710,genaiexp_estz_total,0,-1.03811500689023,0.0672645739910314
6720,genaiexp_estz_total,0,-1.03811500689023,0.0672645739910314
6730,genaiexp_estz_total,0,-1.03811500689023,0.0672645739910314
6740,genaiexp_estz_total,0,-1.03811500689023,0.0672645739910314
6765,genaiexp_estz_total,0.0419580435,-0.858111284140335,0.219730941704036
6800,genaiexp_estz_total,0.0340235210197802,-0.892151088324301,0.208520179372197
6820,genaiexp_estz_total,0.01877676,-0.957561043472436,0.152466367713004
6830,genaiexp_estz_total,0.0519533015106325,-0.815230742015925,0.248878923766816
6840,genaiexp_estz_total,0.0594070772085289,-0.783253384106848,0.275784753363229
6940,genaiexp_estz_total,0,-1.03811500689023,0.0672645739910314
7000,genaiexp_estz_total,0.27272728,0.131909179186366,0.630044843049327
7010,genaiexp_estz_total,0.28,0.163109792115747,0.639013452914798
7020,genaiexp_estz_total,0.193085269333206,-0.209762100298106,0.547085201793722
7030,genaiexp_estz_total,0.15384616,-0.378101354662227,0.491031390134529
7040,genaiexp_estz_total,0.03846154,-0.873111593833232,0.2152466367713
7100,genaiexp_estz_total,0.180202942309406,-0.265028424190581,0.531390134529148
7110,genaiexp_estz_total,0.125,-0.501853935905421,0.418161434977579
7120,genaiexp_estz_total,0.13636364,-0.453102913851934,0.452914798206278
7130,genaiexp_estz_total,0.15625,-0.367788668159218,0.493273542600897
7140,genaiexp_estz_total,0,-1.03811500689023,0.0672645739910314
7150,genaiexp_estz_total,0,-1.03811500689023,0.0672645739910314
7160,genaiexp_estz_total,0,-1.03811500689023,0.0672645739910314
7200,genaiexp_estz_total,0.0999999534468394,-0.609106349819566,0.376681614349776
7210,genaiexp_estz_total,0.01923077,-0.955613300361733,0.154708520179372
7220,genaiexp_estz_total,0.0686113246413676,-0.743766347419302,0.302690582959641
7240,genaiexp_estz_total,0.0168669956811034,-0.965754101544276,0.145739910313901
7260,genaiexp_estz_total,0.00797990317792924,-1.00388051549382,0.139013452914798
7300,genaiexp_estz_total,0.031566503629323,-0.90269191054218,0.190582959641256
7315,genaiexp_estz_total,0.0333333138797432,-0.895112138085242,0.195067264573991
7320,genaiexp_estz_total,0.064516127,-0.761335108003736,0.289237668161435
7330,genaiexp_estz_total,0.187012457450832,-0.235815001129554,0.540358744394619
7340,genaiexp_estz_total,0.13333334,-0.466103169239176,0.439461883408072
7350,genaiexp_estz_total,0.11111111,-0.561438504114943,0.394618834080717
7360,genaiexp_estz_total,0.021739131,-0.944852209511521,0.159192825112108
7410,genaiexp_estz_total,0,-1.03811500689023,0.0672645739910314
7420,genaiexp_estz_total,0,-1.03811500689023,0.0672645739910314
7430,genaiexp_estz_total,0.114554852275655,-0.546664544747437,0.401345291479821
7510,genaiexp_estz_total,0.15789473,-0.360732630788971,0.496636771300448
7540,genaiexp_estz_total,0.071428575,-0.731680093862882,0.306053811659193
7560,genaiexp_estz_total,0,-1.03811500689023,0.0672645739910314
7610,genaiexp_estz_total,0,-1.03811500689023,0.0672645739910314
7630,genaiexp_estz_total,0.0994743526897133,-0.61136122361898,0.374439461883408
7700,genaiexp_estz_total,0.44999999,0.892424805754208,0.798206278026906
7710,genaiexp_estz_total,0.050000001,-0.82361057420622,0.238789237668161
7720,genaiexp_estz_total,0.090909094,-0.648106942004642,0.359865470852018
7730,genaiexp_estz_total,0.083333336,-0.680607614793456,0.347533632286996
7740,genaiexp_estz_total,0,-1.03811500689023,0.0672645739910314
7750,genaiexp_estz_total,0.000721568634666667,-1.03501941353971,0.134529147982063
7800,genaiexp_estz_total,0.083333336,-0.680607614793456,0.347533632286996
7810,genaiexp_estz_total,0.0502108252301867,-0.822706119586464,0.244394618834081
7830,genaiexp_estz_total,0.050000001,-0.82361057420622,0.242152466367713
7840,genaiexp_estz_total,0.14,-0.437502607387243,0.459641255605381
7850,genaiexp_estz_total,0,-1.03811500689023,0.0672645739910314
7900,genaiexp_estz_total,0.508447514543719,1.14316986262001,0.86322869955157
7920,genaiexp_estz_total,0.0455093133560583,-0.842876021929408,0.228699551569507
7950,genaiexp_estz_total,0.0488204353903037,-0.828671015143441,0.23542600896861
8030,genaiexp_estz_total,0.086206898,-0.668279779308166,0.352017937219731
8040,genaiexp_estz_total,0,-1.03811500689023,0.0672645739910314
8100,genaiexp_estz_total,0.0533485253958333,-0.809245107976393,0.255605381165919
8130,genaiexp_estz_total,0.11764706,-0.533398699739718,0.403587443946188
8140,genaiexp_estz_total,0.0194304080237366,-0.954756835558387,0.15695067264574
8220,genaiexp_estz_total,0.0954576620746436,-0.628593182107396,0.37219730941704
8250,genaiexp_estz_total,0.22,-0.094295521956963,0.580717488789238
8255,genaiexp_estz_total,0.19565217,-0.198749869092612,0.54932735426009
8256,genaiexp_estz_total,0,-1.03811500689023,0.0672645739910314
8300,genaiexp_estz_total,0,-1.03811500689023,0.0672645739910314
8310,genaiexp_estz_total,0.017857144,-0.961506277560874,0.147982062780269
8320,genaiexp_estz_total,0,-1.03811500689023,0.0672645739910314
8330,genaiexp_estz_total,0,-1.03811500689023,0.0672645739910314
8350,genaiexp_estz_total,0,-1.03811500689023,0.0672645739910314
8420,genaiexp_estz_total,0.0684743678353035,-0.744353904247291,0.300448430493274
8450,genaiexp_estz_total,0.022727273,-0.94061299281388,0.161434977578475
8460,genaiexp_estz_total,0.110095588136261,-0.565795182852999,0.390134529147982
8500,genaiexp_estz_total,0.175,-0.287349507511496,0.522421524663677
8510,genaiexp_estz_total,0,-1.03811500689023,0.0672645739910314
8530,genaiexp_estz_total,0,-1.03811500689023,0.0672645739910314
8540,genaiexp_estz_total,0.07692308,-0.70810818077623,0.329596412556054
8550,genaiexp_estz_total,0.0333333333333333,-0.895112054627617,0.201793721973094
8600,genaiexp_estz_total,0.123673836870433,-0.50754329318672,0.410313901345292
8610,genaiexp_estz_total,0.079999998,-0.694907930040131,0.334080717488789
8620,genaiexp_estz_total,0.125,-0.501853935905421,0.423766816143498
8630,genaiexp_estz_total,0.150146902419472,-0.393971497318086,0.475336322869955
8640,genaiexp_estz_total,0.119930621536259,-0.523602018498966,0.408071748878924
8650,genaiexp_estz_total,0.0935301025778816,-0.63686258306836,0.369955156950673
8710,genaiexp_estz_total,0.0932717737483977,-0.637970836626483,0.367713004484305
8720,genaiexp_estz_total,0.053571429,-0.808288831772419,0.257847533632287
8730,genaiexp_estz_total,0.11111111,-0.561438504114943,0.39237668161435
8740,genaiexp_estz_total,0.5,1.10692927704902,0.853139013452915
8750,genaiexp_estz_total,0.0310579983613268,-0.904873443179117,0.183856502242152
8760,genaiexp_estz_total,0,-1.03811500689023,0.0672645739910314
8800,genaiexp_estz_total,0,-1.03811500689023,0.0672645739910314
8810,genaiexp_estz_total,0,-1.03811500689023,0.0672645739910314
8830,genaiexp_estz_total,0.0625,-0.769984471397827,0.281390134529148
8850,genaiexp_estz_total,0.05882353,-0.785756853314976,0.272421524663677
8860,genaiexp_estz_total,0.0785922568979492,-0.700947264048572,0.331838565022422
8910,genaiexp_estz_total,0.033333335,-0.89511204747747,0.204035874439462
8920,genaiexp_estz_total,0.0065789474,-1.00989073986082,0.136771300448431
8930,genaiexp_estz_total,0,-1.03811500689023,0.0672645739910314
8940,genaiexp_estz_total,0,-1.03811500689023,0.0672645739910314
8950,genaiexp_estz_total,0.029411765,-0.911935930102605,0.174887892376682
8965,genaiexp_estz_total,0.14583333,-0.412477105041581,0.473094170403588
9000,genaiexp_estz_total,0.16666667,-0.323100231276855,0.513452914798206
9030,genaiexp_estz_total,0.108234636079137,-0.573778831998637,0.387892376681614
9040,genaiexp_estz_total,0.133404609344262,-0.465797417440116,0.441704035874439
9050,genaiexp_estz_total,0.1,-0.609106150102384,0.380044843049327
9110,genaiexp_estz_total,0,-1.03811500689023,0.0672645739910314
9120,genaiexp_estz_total,0,-1.03811500689023,0.0672645739910314
9130,genaiexp_estz_total,0.135874607994943,-0.455200904466155,0.45067264573991
9140,genaiexp_estz_total,0,-1.03811500689023,0.0672645739910314
9200,genaiexp_estz_total,0.0716539182006234,-0.730713351574038,0.309417040358744
9260,genaiexp_estz_total,0.152805988246493,-0.382563783610579,0.484304932735426
9300,genaiexp_estz_total,0.1355042035,-0.456789972555402,0.448430493273543
9310,genaiexp_estz_total,0.124931576384325,-0.502147479276802,0.412556053811659
9350,genaiexp_estz_total,0,-1.03811500689023,0.0672645739910314
9360,genaiexp_estz_total,0,-1.03811500689023,0.0672645739910314
9410,genaiexp_estz_total,0.22539683,-0.0711426432711793,0.587443946188341
9415,genaiexp_estz_total,0.14285715,-0.425245180835529,0.466367713004484
9420,genaiexp_estz_total,0.227903432009709,-0.0603890986451064,0.594170403587444
9510,genaiexp_estz_total,0,-1.03811500689023,0.0672645739910314
9520,genaiexp_estz_total,0,-1.03811500689023,0.0672645739910314
9560,genaiexp_estz_total,0.0766346631511667,-0.709345514602194,0.320627802690583
9600,genaiexp_estz_total,0,-1.03811500689023,0.0672645739910314
9610,genaiexp_estz_total,0,-1.03811500689023,0.0672645739910314
9620,genaiexp_estz_total,0.0751968138356964,-0.715514015512825,0.316143497757848
9630,genaiexp_estz_total,0.07692308,-0.70810818077623,0.326233183856502
9640,genaiexp_estz_total,0.083333336,-0.680607614793456,0.34304932735426
9650,genaiexp_estz_total,0.0536991555048488,-0.807740873754152,0.260089686098655
9720,genaiexp_estz_total,0.03125,-0.904049739144031,0.18609865470852
9750,genaiexp_estz_total,0.10526316,-0.586526727555468,0.383408071748879
0010,human_rating_beta,0.369444444444444,0.383491654250214,0.625560538116592
0020,human_rating_beta,0.384615384615385,0.456564125634143,0.639013452914798
0040,human_rating_beta,0.546511627906977,1.23635486185699,0.876681614349776
0050,human_rating_beta,0.530729166666667,1.16033693321473,0.854260089686099
0060,human_rating_beta,0.550491237387148,1.25552308060826,0.878923766816144
0100,human_rating_beta,0.45211038961039,0.781661104824847,0.724215246636771
0110,human_rating_beta,0.560606060606061,1.30424221876908,0.890134529147982
0120,human_rating_beta,0.454130697113153,0.791392134050392,0.726457399103139
0135,human_rating_beta,0.460526315789474,0.822197321958465,0.742152466367713
0136,human_rating_beta,0.45,0.771496185401493,0.718609865470852
0137,human_rating_beta,0.477272727272727,0.902858221026377,0.769058295964126
0140,human_rating_beta,0.329603906313812,0.19159540064509,0.560538116591928
0150,human_rating_beta,0.471428571428571,0.874709213392473,0.760089686098655
0160,human_rating_beta,0.472970779220779,0.882137423740308,0.762331838565022
0205,human_rating_beta,0.244897959183673,-0.216399939655032,0.477578475336323
0220,human_rating_beta,0.4,0.530665786755872,0.659192825112108
0230,human_rating_beta,0.468797891921531,0.862038261504683,0.755605381165919
0300,human_rating_beta,0.330788177339901,0.197299569911442,0.562780269058296
0310,human_rating_beta,0.395833333333333,0.510596586868737,0.647982062780269
0340,human_rating_beta,0.380434782608696,0.436427804677151,0.634529147982063
0350,human_rating_beta,0.371428571428571,0.393048416101232,0.630044843049327
0360,human_rating_beta,0.486532543291535,0.947459124690266,0.782511210762332
0410,human_rating_beta,0.431818181818182,0.683921494984903,0.697309417040359
0420,human_rating_beta,0.446428571428571,0.754294014069663,0.710762331838565
0425,human_rating_beta,0.6,1.49398738133835,0.927130044843049
0430,human_rating_beta,0.424075737958298,0.646629178159561,0.681614349775785
0500,human_rating_beta,0.369565217391304,0.384073370188972,0.62780269058296
0540,human_rating_beta,0.490249032959304,0.965359998455292,0.786995515695067
0565,human_rating_beta,0.526536780290111,1.14014385156789,0.840807174887892
0600,human_rating_beta,0.480769230769231,0.919699507644951,0.771300448430493
0630,human_rating_beta,0.579077990212478,1.39321426218642,0.901345291479821
0640,human_rating_beta,0.473684210526316,0.885573742654681,0.76457399103139
0650,human_rating_beta,0.592105263157895,1.45596152892062,0.914798206278027
0700,human_rating_beta,0.59656645902922,1.47744936052317,0.919282511210762
0710,human_rating_beta,0.5,1.01232658404711,0.803811659192825
0725,human_rating_beta,0.364864864864865,0.361433614734626,0.621076233183857
0726,human_rating_beta,0.490384615384615,0.966013045846032,0.789237668161435
0735,human_rating_beta,0.542559899117276,1.21732093346173,0.869955156950673
0740,human_rating_beta,0.537989933604626,1.19530920113757,0.867713004484305
0800,human_rating_beta,0.52,1.10865874350536,0.829596412556054
0820,human_rating_beta,0.64,1.68665170025485,0.957399103139013
0830,human_rating_beta,0.555555555555556,1.27991591587558,0.885650224215247
0840,human_rating_beta,0.5,1.01232658404711,0.803811659192825
0850,human_rating_beta,0.671052631578947,1.83622005309792,0.973094170403587
0860,human_rating_beta,0.5,1.01232658404711,0.803811659192825
0900,human_rating_beta,0.579338496166025,1.39446901723927,0.903587443946188
0910,human_rating_beta,0.651737212699427,1.74318525252268,0.964125560538117
0930,human_rating_beta,0.67741935483871,1.86688606311222,0.978699551569507
0940,human_rating_beta,0.625,1.61440258066116,0.943946188340807
0950,human_rating_beta,0.592444717444717,1.45759654714497,0.917040358744395
1005,human_rating_beta,0.5,1.01232658404711,0.803811659192825
1006,human_rating_beta,0.553475935828877,1.26989920291943,0.883408071748879
1007,human_rating_beta,0.543478260869565,1.22174432199983,0.874439461883408
1010,human_rating_beta,0.683333333333333,1.89537137908105,0.982062780269058
1020,human_rating_beta,0.530701754385965,1.16020489900495,0.852017937219731
1030,human_rating_beta,0.633974358974359,1.65762854964884,0.955156950672646
1050,human_rating_beta,0.644411681215607,1.70790103917189,0.959641255605381
1060,human_rating_beta,0.628231681831006,1.6299683251343,0.946188340807175
1105,human_rating_beta,0.513513513513514,1.07741588097836,0.820627802690583
1106,human_rating_beta,0.543301196808511,1.22089147383163,0.87219730941704
1107,human_rating_beta,0.596963672503599,1.47936258211081,0.92152466367713
1200,human_rating_beta,0.537037037037037,1.19071947193276,0.860986547085202
1220,human_rating_beta,0.629032258064516,1.63382438700355,0.948430493273543
1240,human_rating_beta,0.688579782790309,1.92064146936501,0.984304932735426
1300,human_rating_beta,0.399326805385557,0.527423272208624,0.654708520179372
1310,human_rating_beta,0.424115034328149,0.646818453367892,0.683856502242152
1320,human_rating_beta,0.517857142857143,1.09833744070626,0.822869955156951
1340,human_rating_beta,0.435897435897436,0.703569662706574,0.699551569506727
1350,human_rating_beta,0.346153846153846,0.271309972829819,0.588565022421525
1360,human_rating_beta,0.454545454545455,0.79338985800564,0.733183856502242
1400,human_rating_beta,0.318181818181818,0.136579679881221,0.550448430493274
1410,human_rating_beta,0.426989340151597,0.660662857713698,0.688340807174888
1420,human_rating_beta,0.5,1.01232658404711,0.803811659192825
1430,human_rating_beta,0.521573095088461,1.11623572585059,0.831838565022422
1440,human_rating_beta,0.403508771929825,0.547566165608196,0.663677130044843
1450,human_rating_beta,0.317073170731707,0.131239759733868,0.544843049327354
1460,human_rating_beta,0.500763033895729,1.01600181919288,0.81390134529148
1520,human_rating_beta,0.465277777777778,0.845083251654321,0.748878923766816
1530,human_rating_beta,0.460586648366254,0.82248792032881,0.744394618834081
1540,human_rating_beta,0.496741982707195,0.996633991978701,0.791479820627803
1550,human_rating_beta,0.32674406969027,0.177820688762912,0.556053811659193
1560,human_rating_beta,0.51063829787234,1.06356709439724,0.816143497757848
1600,human_rating_beta,0.590139948902642,1.4464953806095,0.910313901345291
1610,human_rating_beta,0.454189051799302,0.791673205696952,0.728699551569507
1640,human_rating_beta,0.46713494182706,0.8540284828211,0.753363228699552
1650,human_rating_beta,0.567465260061827,1.33728029355552,0.896860986547085
1700,human_rating_beta,0.621752183406113,1.59875912136049,0.939461883408072
1710,human_rating_beta,0.608695652173913,1.5358709289289,0.932735426008969
1720,human_rating_beta,0.410664126333863,0.582030702679702,0.670403587443946
1740,human_rating_beta,0.599458152489824,1.49137751430074,0.923766816143498
1760,human_rating_beta,0.445652173913043,0.750554411606221,0.708520179372197
1800,human_rating_beta,0.617324561403509,1.57743300192171,0.934977578475336
1820,human_rating_beta,0.459337500728533,0.816471265857622,0.739910313901345
1840,human_rating_beta,0.579545454545455,1.39546585461969,0.905829596412556
1860,human_rating_beta,0.697203243996961,1.96217730136707,0.988789237668161
1900,human_rating_beta,0.317563965884861,0.133603727581616,0.547085201793722
1910,human_rating_beta,0.266666666666667,-0.111548609632449,0.5
1920,human_rating_beta,0.392857142857143,0.496261444092212,0.645739910313901
1930,human_rating_beta,0.284090909090909,-0.0276228646498844,0.522421524663677
1965,human_rating_beta,0.487735257722171,0.953252128606007,0.7847533632287
2000,human_rating_beta,0.35669370559014,0.322076343824049,0.60762331838565
2010,human_rating_beta,0.358680555555556,0.33164622120845,0.612107623318386
2015,human_rating_beta,0.447368421052631,0.758820901262249,0.713004484304933
2016,human_rating_beta,0.375,0.410250587433062,0.632286995515695
2025,human_rating_beta,0.426293339335522,0.657310494633841,0.68609865470852
2040,human_rating_beta,0.238095238095238,-0.24916598028709,0.466367713004484
2050,human_rating_beta,0.454545454545455,0.79338985800564,0.733183856502242
2100,human_rating_beta,0.475,0.891911384724303,0.766816143497758
2105,human_rating_beta,0.448275862068966,0.763191688896472,0.7152466367713
2145,human_rating_beta,0.45,0.771496185401493,0.718609865470852
2160,human_rating_beta,0.537202380952381,1.19151586875368,0.86322869955157
2200,human_rating_beta,0.451932904818141,0.780806230159431,0.721973094170404
2300,human_rating_beta,0.307316737287452,0.0842468446190769,0.535874439461883
2310,human_rating_beta,0.320113085100092,0.1458818355176,0.553811659192825
2320,human_rating_beta,0.340565529207744,0.244393240872061,0.57847533632287
2330,human_rating_beta,0.288841073175749,-0.00474318644620258,0.526905829596413
2340,human_rating_beta,0.290310545678663,0.00233468652730728,0.52914798206278
2400,human_rating_beta,0.400862151950521,0.534818434714613,0.661434977578475
2430,human_rating_beta,0.5,1.01232658404711,0.803811659192825
2440,human_rating_beta,0.528846153846154,1.15126719865036,0.847533632286996
2540,human_rating_beta,0.363636363636364,0.355516405922693,0.617713004484305
2550,human_rating_beta,0.525558545520329,1.13543207817638,0.838565022421525
2600,human_rating_beta,0.41762020059489,0.615535385425534,0.677130044843049
2630,human_rating_beta,0.350747336635316,0.293435015706364,0.594170403587444
2700,human_rating_beta,0.15625,-0.643382406641528,0.37219730941704
2710,human_rating_beta,0.436988543371522,0.708825099665562,0.701793721973094
2720,human_rating_beta,0.103703703703704,-0.896477316329286,0.262331838565022
2740,human_rating_beta,0.0773018414731785,-1.02364473644857,0.210762331838565
2750,human_rating_beta,0.206677407805227,-0.400493352153564,0.423766816143498
2800,human_rating_beta,0.5375,1.19294938303133,0.865470852017937
2810,human_rating_beta,0.633333333333333,1.65454098043543,0.951793721973094
2825,human_rating_beta,0.787878787878788,2.39892584897644,0.995515695067265
2830,human_rating_beta,0.647058823529412,1.720651285946,0.961883408071749
2840,human_rating_beta,0.633333333333333,1.65454098043543,0.951793721973094
2850,human_rating_beta,0.774216524216524,2.33312008089275,0.993273542600897
2860,human_rating_beta,0.84,2.64997329483733,1
2900,human_rating_beta,0.279878541955118,-0.0479121857809695,0.513452914798206
2910,human_rating_beta,0.21875,-0.342344408334502,0.437219730941704
2920,human_rating_beta,0.33900236422742,0.236864087964858,0.569506726457399
3000,human_rating_beta,0.318181818181818,0.136579679881221,0.550448430493274
3010,human_rating_beta,0.216954549098781,-0.350992391460288,0.432735426008969
3030,human_rating_beta,0.463414634146342,0.836109219184464,0.746636771300449
3040,human_rating_beta,0.05,-1.15514700376347,0.147982062780269
3050,human_rating_beta,0.4,0.530665786755872,0.65695067264574
3060,human_rating_beta,0.366768076471339,0.370600638932508,0.623318385650224
3110,human_rating_beta,0.110119047619048,-0.865577119677665,0.282511210762332
3120,human_rating_beta,0.285714285714286,-0.0198036958626889,0.524663677130045
3140,human_rating_beta,0.454545454545455,0.79338985800564,0.733183856502242
3150,human_rating_beta,0.340719696969697,0.245135806543451,0.580717488789238
3160,human_rating_beta,0.340425531914894,0.243718928795133,0.573991031390135
3200,human_rating_beta,0.170731707317073,-0.573629699716729,0.378923766816143
3210,human_rating_beta,0.363636363636364,0.355516405922693,0.617713004484305
3220,human_rating_beta,0.19047619047619,-0.47852826471149,0.394618834080717
3230,human_rating_beta,0.390243902439024,0.483674489459166,0.643497757847534
3245,human_rating_beta,0.34,0.241669308381128,0.571748878923767
3250,human_rating_beta,0.22972972972973,-0.289459354577863,0.452914798206278
3255,human_rating_beta,0.33498318867777,0.217505294967877,0.567264573991031
3256,human_rating_beta,0.125,-0.79390140579504,0.31390134529148
3258,human_rating_beta,0.303748870822042,0.0670618305554951,0.533632286995516
3260,human_rating_beta,0.310630341880342,0.100207178920271,0.538116591928251
3310,human_rating_beta,0.09375,-0.944420404948553,0.248878923766816
3320,human_rating_beta,0.245969013229661,-0.211241092197707,0.482062780269058
3400,human_rating_beta,0.200320512820513,-0.431112023219907,0.412556053811659
3420,human_rating_beta,0.224503993744755,-0.314629676187428,0.443946188340807
3500,human_rating_beta,0.25,-0.191825409180989,0.486547085201794
3510,human_rating_beta,0.558823529411765,1.29565646480667,0.887892376681614
3520,human_rating_beta,0.238095238095238,-0.24916598028709,0.468609865470852
3535,human_rating_beta,0.2706891087816,-0.0921740828710823,0.506726457399103
3540,human_rating_beta,0.344318973995566,0.262472112962973,0.585201793721973
3600,human_rating_beta,0.10674003885466,-0.881852480232756,0.271300448430493
3610,human_rating_beta,0.217581380372078,-0.347973190951653,0.434977578475336
3620,human_rating_beta,0.116735498856272,-0.833708267896062,0.300448430493274
3630,human_rating_beta,0.185185185185185,-0.504012962980868,0.39237668161435
3640,human_rating_beta,0.1,-0.91431660511785,0.254484304932735
3645,human_rating_beta,0.141025641025641,-0.716712175459906,0.352017937219731
3646,human_rating_beta,0.232142857142857,-0.277836265840139,0.458520179372197
3647,human_rating_beta,0.14,-0.721652286201354,0.346412556053812
3648,human_rating_beta,0.148148148148148,-0.682405850866512,0.36322869955157
3649,human_rating_beta,0.109756097560976,-0.867325307821144,0.280269058295964
3655,human_rating_beta,0.0923259590893727,-0.951279451752434,0.242152466367713
3700,human_rating_beta,0.282608695652174,-0.0347621057164542,0.520179372197309
3710,human_rating_beta,0.355263157894737,0.315185956388738,0.604260089686099
3720,human_rating_beta,0.40566037735849,0.55792960547047,0.668161434977579
3740,human_rating_beta,0.087719298245614,-0.973467931100985,0.233183856502242
3750,human_rating_beta,0.383027103615339,0.448913998706097,0.636771300448431
3800,human_rating_beta,0.199675324675325,-0.434219641584049,0.408071748878924
3820,human_rating_beta,0.347737556561086,0.278938085004115,0.591928251121076
3840,human_rating_beta,0.239801864801865,-0.240945828485166,0.47085201793722
3850,human_rating_beta,0.247758402935459,-0.202622303474114,0.484304932735426
3900,human_rating_beta,0.133333333333333,-0.75376300602077,0.329596412556054
3910,human_rating_beta,0.388888888888889,0.477147920390178,0.641255605381166
3930,human_rating_beta,0.25049929300111,-0.189420510531022,0.488789237668162
3940,human_rating_beta,0.263157894736842,-0.128448988484773,0.497757847533632
3945,human_rating_beta,0.23,-0.288157568639237,0.455156950672646
3955,human_rating_beta,0.225901814198737,-0.307896923044079,0.448430493273543
4000,human_rating_beta,0.261904761904762,-0.13448483807489,0.495515695067265
4010,human_rating_beta,0.255555555555556,-0.165066475998143,0.493273542600897
4020,human_rating_beta,0.0856969303932003,-0.983208884223083,0.230941704035874
4030,human_rating_beta,0.0462962962962962,-1.17298629255204,0.130044843049327
4040,human_rating_beta,0.138888888888889,-0.727004072837923,0.340807174887892
4050,human_rating_beta,0.115405701754386,-0.840113379219365,0.298206278026906
4110,human_rating_beta,0.224489795918367,-0.314698061551204,0.441704035874439
4120,human_rating_beta,0.111111111111111,-0.860798738752157,0.286995515695067
4130,human_rating_beta,0,-1.39597740240909,0.0224215246636771
4140,human_rating_beta,0,-1.39597740240909,0.0224215246636771
4150,human_rating_beta,0.328571428571429,0.186622360119271,0.558295964125561
4200,human_rating_beta,0.255102040816327,-0.167250878706946,0.491031390134529
4210,human_rating_beta,0.245454545454545,-0.213719081785137,0.479820627802691
4220,human_rating_beta,0.0277777777777777,-1.26218273649486,0.0807174887892377
4230,human_rating_beta,0.0588235294117647,-1.11264752164954,0.159192825112108
4240,human_rating_beta,0.229166666666667,-0.292171408616664,0.45067264573991
4250,human_rating_beta,0.046973803071364,-1.16972300801754,0.134529147982063
4320,human_rating_beta,0.350956268078698,0.294441356562351,0.596412556053812
4340,human_rating_beta,0.137931034482759,-0.73161768200738,0.336322869955157
4350,human_rating_beta,0.181818181818182,-0.520230498243199,0.387892376681614
4400,human_rating_beta,0.155538871922179,-0.64680763181092,0.369955156950673
4420,human_rating_beta,0.2,-0.43265580782661,0.410313901345292
4430,human_rating_beta,0.353549351036276,0.306931220610241,0.598654708520179
4460,human_rating_beta,0.21387482833039,-0.36582619906766,0.428251121076233
4465,human_rating_beta,0.0930232558139534,-0.947920846789333,0.244394618834081
4500,human_rating_beta,0.0735294117647058,-1.04181505145965,0.199551569506726
4510,human_rating_beta,0.0526315789473684,-1.14247171962423,0.152466367713004
4520,human_rating_beta,0.0933139347773494,-0.946520760176682,0.246636771300448
4530,human_rating_beta,0.525221721323551,1.1338097280647,0.836322869955157
4600,human_rating_beta,0.340448402948403,0.243829089597483,0.576233183856502
4620,human_rating_beta,0.242647058823529,-0.227241644275934,0.475336322869955
4640,human_rating_beta,0.28,-0.0473271699936167,0.515695067264574
4700,human_rating_beta,0.405405405405405,0.556701505528372,0.665919282511211
4710,human_rating_beta,0.444444444444444,0.744737252218646,0.70627802690583
4720,human_rating_beta,0.360112700836243,0.338544303585778,0.614349775784753
4740,human_rating_beta,0.67741935483871,1.86688606311222,0.978699551569507
4750,human_rating_beta,0.342857142857143,0.255431045446592,0.582959641255605
4760,human_rating_beta,0.355263157894737,0.315185956388738,0.604260089686099
4800,human_rating_beta,0.692307692307692,1.93859734806873,0.986547085201794
4810,human_rating_beta,0.53030303030303,1.1582844014081,0.849775784753363
4820,human_rating_beta,0.519230769230769,1.10495366044927,0.826233183856502
4830,human_rating_beta,0.5625,1.31336458235414,0.89237668161435
4840,human_rating_beta,0.566666666666667,1.33343378224127,0.894618834080718
4850,human_rating_beta,0.664631659864512,1.80529274954433,0.966367713004484
4900,human_rating_beta,0.397631532757032,0.51925780854981,0.652466367713005
4920,human_rating_beta,0.413018544099017,0.593371010058908,0.672645739910314
4930,human_rating_beta,0.534090909090909,1.17652912857822,0.858744394618834
4940,human_rating_beta,0.527777777777778,1.14612124996135,0.84304932735426
4950,human_rating_beta,0.521739130434783,1.11703545302347,0.834080717488789
5000,human_rating_beta,0.53125,1.16284558320063,0.856502242152466
5010,human_rating_beta,0.483870967741936,0.934639358677558,0.774663677130045
5020,human_rating_beta,0.552631578947368,1.26583226683198,0.881165919282511
5100,human_rating_beta,0.428571428571428,0.668283157410512,0.690582959641256
5110,human_rating_beta,0.416666666666667,0.610942586304412,0.674887892376682
5120,human_rating_beta,0.313953488372093,0.116213472807595,0.540358744394619
5130,human_rating_beta,0.419354838709677,0.623890457199338,0.679372197309417
5140,human_rating_beta,0.486486486486487,0.947237287115864,0.778026905829596
5150,human_rating_beta,0.457142857142857,0.805900528065152,0.737668161434978
5160,human_rating_beta,0.333333333333333,0.209558588561712,0.565022421524664
5200,human_rating_beta,0.8,2.45730897592084,0.997757847533632
5220,human_rating_beta,0.590909090909091,1.45020003613006,0.912556053811659
5230,human_rating_beta,0.575,1.37357218201554,0.899103139013453
5240,human_rating_beta,0.704545454545455,1.99754185123374,0.991031390134529
5250,human_rating_beta,0.62,1.5903195407966,0.937219730941704
5260,human_rating_beta,0.470588235294118,0.870661643667336,0.757847533632287
5300,human_rating_beta,0.397435897435897,0.518315509902251,0.650224215246637
5310,human_rating_beta,0.431034482758621,0.680146723846257,0.695067264573991
5320,human_rating_beta,0.439655172413793,0.721669206371364,0.704035874439462
5330,human_rating_beta,0.5,1.01232658404711,0.803811659192825
5340,human_rating_beta,0.6,1.49398738133835,0.927130044843049
5350,human_rating_beta,0.666071428571429,1.81222755097721,0.968609865470852
5360,human_rating_beta,0.46551724137931,0.846236653946685,0.751121076233184
5400,human_rating_beta,0.583333333333333,1.41371058178981,0.908071748878924
5410,human_rating_beta,0.528571428571429,1.14994395470175,0.845291479820628
5500,human_rating_beta,0.428816466552316,0.669463409302919,0.692825112107623
5510,human_rating_beta,0.155172413793103,-0.648572716957166,0.367713004484305
5520,human_rating_beta,0.622961956521739,1.60458612419463,0.941704035874439
5530,human_rating_beta,0.354166666666667,0.309904587997386,0.600896860986547
5540,human_rating_beta,0.277777777777778,-0.0580307432667555,0.511210762331839
5550,human_rating_beta,0.346153846153846,0.271309972829819,0.588565022421525
5560,human_rating_beta,0.125,-0.79390140579504,0.31390134529148
5600,human_rating_beta,0.519230769230769,1.10495366044927,0.826233183856502
5610,human_rating_beta,0.357142857142857,0.324239730773912,0.609865470852018
5620,human_rating_beta,0.190909090909091,-0.476443153034904,0.396860986547085
5630,human_rating_beta,0.275862068965517,-0.0672579616056685,0.508968609865471
5700,human_rating_beta,0.670632902969859,1.83419838493293,0.97085201793722
5810,human_rating_beta,0.5,1.01232658404711,0.79372197309417
5820,human_rating_beta,0.486486486486487,0.947237287115865,0.780269058295964
5840,human_rating_beta,0.511904761904762,1.06966715515321,0.818385650224215
5850,human_rating_beta,0.121621621621622,-0.810173730027852,0.304932735426009
5860,human_rating_beta,0.5,1.01232658404711,0.803811659192825
5900,human_rating_beta,0.176470588235294,-0.545987760130431,0.383408071748879
5910,human_rating_beta,0.6,1.49398738133835,0.930493273542601
5920,human_rating_beta,0.673913043478261,1.84999753585797,0.975336322869955
5940,human_rating_beta,0.483870967741936,0.934639358677558,0.774663677130045
6005,human_rating_beta,0.157894736842105,-0.635460354054501,0.374439461883408
6010,human_rating_beta,0.291666666666667,0.0088665896903608,0.531390134529148
6040,human_rating_beta,0.05,-1.15514700376347,0.147982062780269
6050,human_rating_beta,0.0705861958305374,-1.05599136879417,0.188340807174888
6120,human_rating_beta,0.0652173913043478,-1.08185079548002,0.176008968609865
6130,human_rating_beta,0.0816259712407271,-1.00281709853429,0.226457399103139
6200,human_rating_beta,0.233333333333333,-0.272102208729529,0.461883408071749
6210,human_rating_beta,0,-1.39597740240909,0.0224215246636771
6220,human_rating_beta,0,-1.39597740240909,0.0224215246636771
6230,human_rating_beta,0.0888888888888888,-0.967834471483544,0.237668161434978
6240,human_rating_beta,0.0232242171442389,-1.2841154529475,0.0650224215246637
6250,human_rating_beta,0.000159447191090311,-1.39520940779723,0.0448430493273543
6260,human_rating_beta,0.025,-1.27556220308628,0.070627802690583
6320,human_rating_beta,0.0787777504517881,-1.0165358614949,0.217488789237668
6330,human_rating_beta,0.0181035988819007,-1.30877946369612,0.0538116591928251
6355,human_rating_beta,0.146341463414634,-0.691107942958495,0.360986547085202
6360,human_rating_beta,0.03125,-1.24545840325558,0.0896860986547085
6400,human_rating_beta,0.078232755571277,-1.01916088818157,0.213004484304933
6420,human_rating_beta,0.0283790113298309,-1.25928683017446,0.0829596412556054
6440,human_rating_beta,0.0321815718157181,-1.24097138702065,0.0941704035874439
6460,human_rating_beta,0.0384615384615384,-1.21072324960477,0.10762331838565
6515,human_rating_beta,0,-1.39597740240909,0.0224215246636771
6520,human_rating_beta,0.0394736842105263,-1.20584814032044,0.109865470852018
6530,human_rating_beta,0,-1.39597740240909,0.0224215246636771
6600,human_rating_beta,0,-1.39597740240909,0.0224215246636771
6660,human_rating_beta,0.282380151387721,-0.0358629138427825,0.517937219730942
6700,human_rating_beta,0.0789473684210526,-1.0157188782318,0.221973094170404
6710,human_rating_beta,0.0256410256410256,-1.27247463387288,0.0739910313901345
6720,human_rating_beta,0.032258064516129,-1.24060295166998,0.0975336322869955
6730,human_rating_beta,0,-1.39597740240909,0.0224215246636771
6740,human_rating_beta,0,-1.39597740240909,0.0224215246636771
6765,human_rating_beta,0.101875,-0.90528546516864,0.257847533632287
6800,human_rating_beta,0.0494431488149654,-1.15782913762103,0.141255605381166
6820,human_rating_beta,0.113636363636364,-0.848635587305409,0.289237668161435
6830,human_rating_beta,0.114583333333333,-0.844074405512878,0.295964125560538
6840,human_rating_beta,0.0598834135846737,-1.10754247509194,0.163677130044843
6940,human_rating_beta,0.0688963210702341,-1.06413083303787,0.181614349775785
7000,human_rating_beta,0.269230769230769,-0.0991983327788275,0.504484304932736
7010,human_rating_beta,0.204081632653061,-0.412996183447375,0.417040358744395
7020,human_rating_beta,0.194863005928973,-0.45739869442592,0.401345291479821
7030,human_rating_beta,0.14,-0.721652286201354,0.346412556053812
7040,human_rating_beta,0.0192307692307692,-1.30335032600693,0.0582959641255605
7100,human_rating_beta,0.204091632002026,-0.412948020503428,0.419282511210762
7110,human_rating_beta,0.125,-0.79390140579504,0.31390134529148
7120,human_rating_beta,0.0952380952380952,-0.93725283356029,0.251121076233184
7130,human_rating_beta,0.183333333333333,-0.51293260737515,0.390134529147982
7140,human_rating_beta,0.0597014925373134,-1.1084187174591,0.161434977578475
7150,human_rating_beta,0.0425531914893617,-1.19101536100856,0.121076233183857
7160,human_rating_beta,0,-1.39597740240909,0.0224215246636771
7200,human_rating_beta,0.0727272727272727,-1.04567864074273,0.197309417040359
7210,human_rating_beta,0,-1.39597740240909,0.0224215246636771
7220,human_rating_beta,0.12782956926892,-0.780272479894452,0.322869955156951
7240,human_rating_beta,0.063465706707086,-1.09028797347722,0.168161434977579
7260,human_rating_beta,0.0186280811555834,-1.30625323819505,0.0560538116591928
7300,human_rating_beta,0.0702159704362935,-1.05777459937986,0.18609865470852
7315,human_rating_beta,0.140350877192982,-0.719962248316122,0.349775784753363
7320,human_rating_beta,0.109090909090909,-0.870529259909556,0.273542600896861
7330,human_rating_beta,0.144783838026451,-0.698610413822031,0.356502242152466
7340,human_rating_beta,0.0784313725490196,-1.01820422806302,0.2152466367713
7350,human_rating_beta,0.114285714285714,-0.845507919790531,0.29372197309417
7360,human_rating_beta,0.0434782608695652,-1.18655966445638,0.123318385650224
7410,human_rating_beta,0,-1.39597740240909,0.0224215246636771
7420,human_rating_beta,0.03125,-1.24545840325558,0.0896860986547085
7430,human_rating_beta,0.241692667334574,-0.231838573930917,0.473094170403588
7510,human_rating_beta,0.196428571428571,-0.44985797915844,0.403587443946188
7540,human_rating_beta,0.08,-1.0106487645761,0.224215246636771
7560,human_rating_beta,0.037037037037037,-1.21758451452345,0.105381165919283
7610,human_rating_beta,0,-1.39597740240909,0.0224215246636771
7630,human_rating_beta,0.137086349642723,-0.735686197742492,0.334080717488789
7700,human_rating_beta,0.225,-0.312240608503799,0.446188340807175
7710,human_rating_beta,0.025,-1.27556220308628,0.070627802690583
7720,human_rating_beta,0.138888888888889,-0.727004072837923,0.340807174887892
7730,human_rating_beta,0,-1.39597740240909,0.0224215246636771
7740,human_rating_beta,0.0227272727272727,-1.28650903938835,0.062780269058296
7750,human_rating_beta,0.0823111111111111,-0.999517048372035,0.228699551569507
7800,human_rating_beta,0.117647058823529,-0.829317640889985,0.302690582959641
7810,human_rating_beta,0.0105707000484604,-1.34506248427641,0.047085201793722
7830,human_rating_beta,0.0666666666666666,-1.07487020421493,0.179372197309417
7840,human_rating_beta,0.153846153846154,-0.654960791191798,0.365470852017937
7850,human_rating_beta,0.032258064516129,-1.24060295166998,0.0975336322869955
7900,human_rating_beta,0.204372467380558,-0.411595346580115,0.42152466367713
7920,human_rating_beta,0.077299683430856,-1.02365513089242,0.208520179372197
7950,human_rating_beta,0.0418619815508281,-1.19434464830946,0.118834080717489
8030,human_rating_beta,0.13265306122449,-0.757039610083976,0.327354260089686
8040,human_rating_beta,0.0323808613659531,-1.24001148738407,0.100896860986547
8100,human_rating_beta,0.070009642217531,-1.05876840152339,0.183856502242152
8130,human_rating_beta,0.109375,-0.869160905371797,0.276905829596413
8140,human_rating_beta,0.0406033745921946,-1.20040686462118,0.114349775784753
8220,human_rating_beta,0.113925073950225,-0.8472449829058,0.291479820627803
8250,human_rating_beta,0.109375,-0.869160905371797,0.276905829596413
8255,human_rating_beta,0.125,-0.79390140579504,0.31390134529148
8256,human_rating_beta,0.0641025641025641,-1.08722048106855,0.170403587443946
8300,human_rating_beta,0.05,-1.15514700376347,0.147982062780269
8310,human_rating_beta,0.0208333333333333,-1.29563140297342,0.0605381165919283
8320,human_rating_beta,0.0232558139534883,-1.28396326350415,0.0672645739910314
8330,human_rating_beta,0.0477084070786088,-1.16618470849931,0.136771300448431
8350,human_rating_beta,0.0649765327315246,-1.08301091680223,0.172645739910314
8420,human_rating_beta,0.105327371223089,-0.888656746410057,0.266816143497758
8450,human_rating_beta,0.088235294117647,-0.970982581269761,0.23542600896861
8460,human_rating_beta,0.102518736408823,-0.902184839249451,0.260089686098655
8500,human_rating_beta,0.0441176470588235,-1.18347999183943,0.125560538116592
8510,human_rating_beta,0.0714285714285714,-1.05193397577249,0.195067264573991
8530,human_rating_beta,0.0147058823529411,-1.3251449322192,0.0515695067264574
8540,human_rating_beta,0.0326086956521739,-1.23891409894456,0.103139013452915
8550,human_rating_beta,0.196581196581197,-0.449122843631438,0.405829596412556
8600,human_rating_beta,0.106634176181214,-0.882362379229709,0.269058295964126
8610,human_rating_beta,0.104651162790698,-0.891913777336863,0.26457399103139
8620,human_rating_beta,0.125,-0.79390140579504,0.31390134529148
8630,human_rating_beta,0.144260404753002,-0.701131586700211,0.354260089686099
8640,human_rating_beta,0.0713345196398945,-1.0523869863677,0.192825112107623
8650,human_rating_beta,0.0788828411491963,-1.01602968080389,0.219730941704036
8710,human_rating_beta,0.0494623029415192,-1.15773687970236,0.143497757847534
8720,human_rating_beta,0.075,-1.03473180444066,0.202914798206278
8730,human_rating_beta,0.04,-1.2033130834926,0.112107623318386
8740,human_rating_beta,0.177083333333333,-0.543036407205852,0.385650224215247
8750,human_rating_beta,0.133928571428571,-0.750895977465465,0.331838565022422
8760,human_rating_beta,0.0588184571003664,-1.11267195298506,0.15695067264574
8800,human_rating_beta,0.075,-1.03473180444066,0.202914798206278
8810,human_rating_beta,0.011804568073065,-1.33911942571158,0.0493273542600897
8830,human_rating_beta,0.17,-0.577154047013982,0.376681614349776
8850,human_rating_beta,0,-1.39597740240909,0.0224215246636771
8860,human_rating_beta,0.0485670230263158,-1.16204909207992,0.139013452914798
8910,human_rating_beta,0.0303030303030303,-1.25001958504811,0.0852017937219731
8920,human_rating_beta,0.0465651914302589,-1.17169113010591,0.132286995515695
8930,human_rating_beta,0.0263157894736842,-1.26922456101666,0.0773542600896861
8940,human_rating_beta,0,-1.39597740240909,0.0224215246636771
8950,human_rating_beta,0.0555555555555555,-1.12838807058062,0.154708520179372
8965,human_rating_beta,0.0625,-1.09493940410207,0.165919282511211
9000,human_rating_beta,0,-1.39597740240909,0.0224215246636771
9030,human_rating_beta,0.223375570700721,-0.320064847618138,0.439461883408072
9040,human_rating_beta,0.316387081531024,0.127935137019727,0.542600896860987
9050,human_rating_beta,0.145833333333333,-0.693555406359365,0.358744394618834
9110,human_rating_beta,0.0454545454545454,-1.17704067636762,0.12780269058296
9120,human_rating_beta,0.17156862745098,-0.569598583527061,0.381165919282511
9130,human_rating_beta,0.190945035821713,-0.476270020482185,0.399103139013453
9140,human_rating_beta,0.211538461538462,-0.377079561985313,0.426008968609866
9200,human_rating_beta,0.215748087276849,-0.356803445090819,0.430493273542601
9260,human_rating_beta,0.110848792635496,-0.862062224013246,0.2847533632287
9300,human_rating_beta,0.0756316489361702,-1.03168939913862,0.20627802690583
9310,human_rating_beta,0.204046175454615,-0.413166966872107,0.414798206278027
9350,human_rating_beta,0.125,-0.79390140579504,0.31390134529148
9360,human_rating_beta,0.0652173913043478,-1.08185079548002,0.176008968609865
9410,human_rating_beta,0.234393939393939,-0.266993685121895,0.464125560538117
9415,human_rating_beta,0.138888888888889,-0.727004072837923,0.340807174887892
9420,human_rating_beta,0.268483202342426,-0.102799069413509,0.502242152466368
9510,human_rating_beta,0.0263157894736842,-1.26922456101666,0.0773542600896861
9520,human_rating_beta,0,-1.39597740240909,0.0224215246636771
9560,human_rating_beta,0.129545932864767,-0.772005429314278,0.325112107623318
9600,human_rating_beta,0.03125,-1.24545840325558,0.0896860986547085
9610,human_rating_beta,0,-1.39597740240909,0.0224215246636771
9620,human_rating_beta,0.0408695652173913,-1.19912472873354,0.116591928251121
9630,human_rating_beta,0.0909090909090909,-0.958103950326145,0.239910313901345
9640,human_rating_beta,0.1,-0.91431660511785,0.254484304932735
9650,human_rating_beta,0.0711088683136601,-1.05347386034474,0.190582959641256
9720,human_rating_beta,0.232142857142857,-0.277836265840139,0.458520179372197
9750,human_rating_beta,0.125,-0.79390140579504,0.31390134529148
0010,pca_score,1.89226883674917,0.852565423449824,0.76457399103139
0020,pca_score,0.479102165073077,0.215860417034073,0.612107623318386
0040,pca_score,1.86572315130291,0.84060521297987,0.760089686098655
0050,pca_score,1.70484108471053,0.768119483380553,0.748878923766816
0060,pca_score,0.249790562739223,0.112543626338737,0.576233183856502
0100,pca_score,0.249449352825079,0.112389893544915,0.573991031390135
0110,pca_score,2.56120954322233,1.15395796641264,0.838565022421525
0120,pca_score,1.56715935332132,0.706086710159595,0.724215246636771
0135,pca_score,1.59649649918745,0.719304618578539,0.728699551569507
0136,pca_score,1.68359709580006,0.758547962648681,0.742152466367713
0137,pca_score,2.23501929390365,1.00699231193759,0.798206278026906
0140,pca_score,0.242436293242926,0.109230145840878,0.571748878923767
0150,pca_score,1.97758432705165,0.891004484382373,0.780269058295964
0160,pca_score,1.89861108247854,0.855422934661166,0.769058295964126
0205,pca_score,-0.848322282265491,-0.382213262595452,0.437219730941704
0220,pca_score,0.554037402640081,0.249622634805086,0.616591928251121
0230,pca_score,1.21182640515993,0.545990755752117,0.681614349775785
0300,pca_score,1.45069793930525,0.653614792413089,0.704035874439462
0310,pca_score,-0.0990318540060969,-0.0446189954122893,0.524663677130045
0340,pca_score,0.737635870288862,0.33234328330693,0.632286995515695
0350,pca_score,1.1347713438517,0.511273447250612,0.672645739910314
0360,pca_score,1.90591490366138,0.85871368557278,0.771300448430493
0410,pca_score,1.1117720146677,0.50091105452712,0.668161434977579
0420,pca_score,1.21917679852846,0.54930248985303,0.683856502242152
0425,pca_score,2.51835874681578,1.1346514563259,0.834080717488789
0430,pca_score,0.765841161116617,0.345051232225754,0.636771300448431
0500,pca_score,2.36948118221773,1.06757437856682,0.818385650224215
0540,pca_score,2.28709271405491,1.03045409318111,0.807174887892377
0565,pca_score,1.65584755677328,0.746045353594704,0.733183856502242
0600,pca_score,2.31971787494526,1.0451534231967,0.811659192825112
0630,pca_score,2.51496082198496,1.13312051465103,0.831838565022422
0640,pca_score,2.25122421962561,1.01429347289939,0.802690582959641
0650,pca_score,2.73071312186933,1.2303281351217,0.860986547085202
0700,pca_score,2.35894867780154,1.06282893811291,0.816143497757848
0710,pca_score,2.73183863066182,1.23083523530833,0.86322869955157
0725,pca_score,1.28556477669664,0.579213723193516,0.688340807174888
0726,pca_score,1.6545656525447,0.74546778913862,0.730941704035875
0735,pca_score,3.00294375042747,1.35298217698153,0.910313901345291
0740,pca_score,2.79257170068378,1.25819863872919,0.869955156950673
0800,pca_score,2.58580138792973,1.16503787011829,0.840807174887892
0820,pca_score,2.71496312972286,1.22323194537165,0.858744394618834
0830,pca_score,2.64046522346492,1.18966676807684,0.847533632286996
0840,pca_score,0.236550633929399,0.106578350531741,0.569506726457399
0850,pca_score,3.09206644112333,1.39313657949373,0.914798206278027
0860,pca_score,2.48935175829804,1.12158230094568,0.827354260089686
0900,pca_score,1.40022036275792,0.630872021624913,0.701793721973094
0910,pca_score,2.82748434244364,1.27392859772216,0.876681614349776
0930,pca_score,2.75750386283521,1.24239875583506,0.865470852017937
0940,pca_score,3.69079991025336,1.6628971144288,0.948430493273543
0950,pca_score,2.94261238867226,1.32579976400553,0.894618834080718
1005,pca_score,2.95268985116175,1.33034018442984,0.896860986547085
1006,pca_score,3.46269559565958,1.56012426958479,0.934977578475336
1007,pca_score,3.87987391800629,1.74808477822828,0.964125560538117
1010,pca_score,5.01823510291827,2.26097563538611,0.979820627802691
1020,pca_score,5.30439643722832,2.38990618395454,0.988789237668161
1030,pca_score,5.70593231721109,2.57081895961275,0.993273542600897
1050,pca_score,3.40985206285212,1.53631551257858,0.932735426008969
1060,pca_score,5.81690181470593,2.62081648363488,0.995515695067265
1105,pca_score,2.96474771657591,1.33577287926319,0.903587443946188
1106,pca_score,2.98012933547699,1.34270309772743,0.905829596412556
1107,pca_score,6.21841209089826,2.80171772345525,0.997757847533632
1200,pca_score,1.96668277231877,0.886092767586853,0.778026905829596
1220,pca_score,4.07234681355585,1.83480381756877,0.966367713004484
1240,pca_score,4.5472151219248,2.04875666218836,0.975336322869955
1300,pca_score,1.17124085383164,0.527704856263547,0.679372197309417
1310,pca_score,0.784792458592881,0.353589776350135,0.639013452914798
1320,pca_score,1.94716635783938,0.877299608892009,0.773542600896861
1340,pca_score,2.22667990497854,1.00323498395534,0.795964125560538
1350,pca_score,1.50960061235775,0.680153506901251,0.710762331838565
1360,pca_score,1.59163172383233,0.717112784532506,0.726457399103139
1400,pca_score,2.31837759906812,1.04454955928025,0.809417040358744
1410,pca_score,1.88027722841844,0.847162580874932,0.762331838565022
1420,pca_score,2.62866416619543,1.18434977865508,0.845291479820628
1430,pca_score,2.46293091646333,1.10967833900896,0.825112107623319
1440,pca_score,0.762241366258868,0.34342933761563,0.634529147982063
1450,pca_score,1.659609051385,0.747740102345075,0.737668161434978
1460,pca_score,2.04552574557728,0.92161562331261,0.791479820627803
1520,pca_score,1.26393590849758,0.569468794345802,0.68609865470852
1530,pca_score,2.02314896211075,0.911533719779094,0.786995515695067
1540,pca_score,1.89649732360029,0.854470576466546,0.766816143497758
1550,pca_score,0.961766920506945,0.433325966119438,0.654708520179372
1560,pca_score,1.05833232715522,0.47683369885319,0.665919282511211
1600,pca_score,2.00175882346876,0.901896350999986,0.7847533632287
1610,pca_score,2.02612149697501,0.912873001172969,0.789237668161435
1640,pca_score,0.425847403625573,0.191866380160216,0.603139013452915
1650,pca_score,2.16502281512541,0.975455261593255,0.79372197309417
1700,pca_score,3.35161482486738,1.51007661116101,0.930493273542601
1710,pca_score,2.95876396923236,1.33307689020038,0.899103139013453
1720,pca_score,1.32813726294959,0.598394840096499,0.692825112107623
1740,pca_score,1.98421721486118,0.893992944951087,0.782511210762332
1760,pca_score,1.55235492729467,0.699416547073244,0.717488789237668
1800,pca_score,3.49680931538534,1.57549427269355,0.939461883408072
1820,pca_score,1.05305723931877,0.474456997716609,0.661434977578475
1840,pca_score,3.19306457481334,1.43864148606133,0.919282511210762
1860,pca_score,3.02307499222961,1.36205234732852,0.912556053811659
1900,pca_score,0.387279930056017,0.17448972955083,0.600896860986547
1910,pca_score,0.351531064254874,0.158383008181386,0.589686098654709
1920,pca_score,0.380296667384512,0.171343406903135,0.594170403587444
1930,pca_score,-0.801799738096245,-0.361252439376614,0.446188340807175
1965,pca_score,1.4894017131277,0.671052853367862,0.708520179372197
2000,pca_score,0.804376301401957,0.36241331501073,0.641255605381166
2010,pca_score,0.449309439295922,0.202437246195642,0.605381165919282
2015,pca_score,0.897568888859464,0.404401417464814,0.645739910313901
2016,pca_score,0.726402052823756,0.327281864887891,0.630044843049327
2025,pca_score,1.33794250519679,0.602812611158499,0.695067264573991
2040,pca_score,0.318877214395295,0.143670752294624,0.587443946188341
2050,pca_score,1.51189420545494,0.681186889754761,0.713004484304933
2100,pca_score,1.65591106608206,0.746073967837925,0.73542600896861
2105,pca_score,1.6944472392415,0.763436515986342,0.746636771300449
2145,pca_score,1.74363833883864,0.785599662069776,0.753363228699552
2160,pca_score,2.38369808252478,1.0739798307917,0.820627802690583
2200,pca_score,1.83919353797013,0.828652243832063,0.757847533632287
2300,pca_score,-0.612754497488284,-0.276077736670528,0.47085201793722
2310,pca_score,0.22521025260561,0.101468919557859,0.567264573991031
2320,pca_score,0.678272961940489,0.305597208906534,0.62780269058296
2330,pca_score,0.167887982759894,0.075642258823924,0.560538116591928
2340,pca_score,0.656709563261618,0.29588177747912,0.625560538116592
2400,pca_score,0.980405476488346,0.441723603951954,0.65695067264574
2430,pca_score,3.25647862223294,1.46721280908953,0.923766816143498
2440,pca_score,1.66716057830225,0.751142457559544,0.739910313901345
2540,pca_score,1.68800189481454,0.760532553455261,0.744394618834081
2550,pca_score,2.65590635848191,1.19662380164345,0.849775784753363
2600,pca_score,0.906937675473106,0.408622542587919,0.647982062780269
2630,pca_score,0.355214077566117,0.160042397028409,0.591928251121076
2700,pca_score,-1.25926345398065,-0.567363610829371,0.37219730941704
2710,pca_score,0.915888628317585,0.412655411889536,0.650224215246637
2720,pca_score,-1.49520599038759,-0.673667981833646,0.334080717488789
2740,pca_score,-2.77708985063474,-1.2512232609253,0.0717488789237668
2750,pca_score,-0.047464836858739,-0.0213853750321058,0.531390134529148
2800,pca_score,2.6841799952942,1.20936254397921,0.856502242152466
2810,pca_score,6.70115222741408,3.01921723563444,1
2825,pca_score,4.40395567259679,1.98421083724661,0.973094170403587
2830,pca_score,3.69767613892254,1.66599521269751,0.95067264573991
2840,pca_score,4.25088490623383,1.91524450423538,0.97085201793722
2850,pca_score,5.21267291666391,2.34857997246091,0.984304932735426
2860,pca_score,5.25533716760903,2.36780243412533,0.986547085201794
2900,pca_score,-0.120329923321217,-0.0542148821761933,0.522421524663677
2910,pca_score,-0.447846528047995,-0.201778128673154,0.488789237668162
2920,pca_score,-0.128855156222991,-0.0580559425254171,0.520179372197309
3000,pca_score,-0.450635411075683,-0.203034665373054,0.486547085201794
3010,pca_score,-1.26687728842724,-0.57079403882299,0.367713004484305
3030,pca_score,1.55308316599635,0.699744656443862,0.719730941704036
3040,pca_score,-1.53539054634024,-0.691773212071844,0.322869955156951
3050,pca_score,0.961117225106392,0.433033244586678,0.652466367713005
3060,pca_score,-0.0554777205023661,-0.0249955954215191,0.52914798206278
3110,pca_score,-1.40276590849044,-0.632018922230794,0.349775784753363
3120,pca_score,-0.403173557323492,-0.181650634385435,0.495515695067265
3140,pca_score,0.299661235699758,0.135012955529494,0.582959641255605
3150,pca_score,-0.332009722755107,-0.149587629607879,0.502242152466368
3160,pca_score,-0.94725181400577,-0.426786156510855,0.42152466367713
3200,pca_score,-1.113837262526,-0.501841555986872,0.396860986547085
3210,pca_score,-0.240194937295505,-0.108220298537311,0.506726457399103
3220,pca_score,-1.44951594127682,-0.653082240890785,0.345291479820628
3230,pca_score,1.00522933525765,0.452908042046737,0.659192825112108
3245,pca_score,-0.583631338091314,-0.262956240273573,0.475336322869955
3250,pca_score,-0.659017844650559,-0.296921778171191,0.464125560538117
3255,pca_score,-0.0578251935726517,-0.0260532540022329,0.526905829596413
3256,pca_score,-1.36438065009365,-0.614724369023697,0.358744394618834
3258,pca_score,0.624208855752766,0.281238520177845,0.621076233183857
3260,pca_score,0.0111621188455663,0.00502911446584749,0.54932735426009
3310,pca_score,-1.81561981521489,-0.818031056962212,0.271300448430493
3320,pca_score,-0.75700720439535,-0.341071075756156,0.452914798206278
3400,pca_score,-1.61659222295812,-0.728358786207015,0.309417040358744
3420,pca_score,-1.05045869257288,-0.473286217400547,0.408071748878924
3500,pca_score,-1.21706843627484,-0.548352563118186,0.378923766816143
3510,pca_score,0.620595081723532,0.279610327224681,0.618834080717489
3520,pca_score,-0.930963498180299,-0.419447423974899,0.423766816143498
3535,pca_score,0.386797312273629,0.174272285165543,0.598654708520179
3540,pca_score,0.0562960429702347,0.0253642922090937,0.551569506726457
3600,pca_score,-2.50600132708614,-1.12908379671013,0.143497757847534
3610,pca_score,-0.993543639431803,-0.447643028948924,0.412556053811659
3620,pca_score,-2.00525177826657,-0.903470108612253,0.246636771300448
3630,pca_score,-2.65561290539729,-1.19649158578252,0.0941704035874439
3640,pca_score,-1.47074226746279,-0.662645803647605,0.34304932735426
3645,pca_score,-0.889243138961,-0.400650234572685,0.430493273542601
3646,pca_score,2.55356825293643,1.15051516813695,0.836322869955157
3647,pca_score,-0.165530278446715,-0.074579990536724,0.511210762331839
3648,pca_score,-1.56349950241043,-0.70443775717733,0.318385650224215
3649,pca_score,-1.76377512880122,-0.794672332151296,0.280269058295964
3655,pca_score,-0.974973486192974,-0.439276210105789,0.417040358744395
3700,pca_score,-0.777296146604849,-0.350212298329957,0.448430493273543
3710,pca_score,-0.207387591639182,-0.0934388848192695,0.508968609865471
3720,pca_score,-0.5842149087393,-0.263219169169801,0.473094170403588
3740,pca_score,-2.29523584040011,-1.03412299467432,0.172645739910314
3750,pca_score,-0.0262739602475808,-0.0118377841505148,0.540358744394619
3800,pca_score,-1.37757076154291,-0.620667199521509,0.354260089686099
3820,pca_score,0.461646481287971,0.207995724581905,0.609865470852018
3840,pca_score,-0.918583323021275,-0.413869511855938,0.426008968609866
3850,pca_score,-0.543870729618859,-0.245042020401318,0.479820627802691
3900,pca_score,-0.972207227180447,-0.438029866700146,0.419282511210762
3910,pca_score,0.873579388481225,0.393592901174148,0.643497757847534
3930,pca_score,-0.816394610976461,-0.367828187883202,0.443946188340807
3940,pca_score,-1.37374134075649,-0.618941846500342,0.356502242152466
3945,pca_score,-0.569018441834306,-0.256372371299338,0.477578475336323
3955,pca_score,-1.08505316148408,-0.488872822994587,0.401345291479821
4000,pca_score,-0.614206620051476,-0.276731993330018,0.468609865470852
4010,pca_score,0.220052176824584,0.099144938431587,0.565022421524664
4020,pca_score,-1.92873869885225,-0.86899699111253,0.260089686098655
4030,pca_score,-2.2603178140311,-1.01839060963516,0.18609865470852
4040,pca_score,-1.58402459586424,-0.713685378155889,0.31390134529148
4050,pca_score,-1.89257111822067,-0.852701616957716,0.26457399103139
4110,pca_score,-0.615390122580004,-0.277265222707786,0.466367713004484
4120,pca_score,-2.01105110175664,-0.906083005147361,0.244394618834081
4130,pca_score,-3.11001104137679,-1.40122155421646,0.0179372197309417
4140,pca_score,-3.28445214901364,-1.4798163362639,0.00672645739910314
4150,pca_score,1.05795824623354,0.476665155962665,0.663677130044843
4200,pca_score,-0.376190177689262,-0.169493219943475,0.5
4210,pca_score,-0.722845048954082,-0.325679249841093,0.455156950672646
4220,pca_score,-2.61555129733768,-1.17844174995787,0.10762331838565
4230,pca_score,-3.09365238451584,-1.39385112938946,0.0224215246636771
4240,pca_score,-1.32231490145645,-0.595771563744073,0.365470852017937
4250,pca_score,-2.75735537982547,-1.24233185652477,0.0762331838565022
4320,pca_score,0.461596956766179,0.207973411211799,0.60762331838565
4340,pca_score,-2.12964984715071,-0.959517901724332,0.221973094170404
4350,pca_score,-1.05466708427618,-0.475182316509132,0.405829596412556
4400,pca_score,-0.531483034207937,-0.239460720018163,0.482062780269058
4420,pca_score,-1.15931258370281,-0.522330550839335,0.387892376681614
4430,pca_score,-0.163240213482117,-0.0735481972902508,0.513452914798206
4460,pca_score,-1.13970452911075,-0.513496103512586,0.39237668161435
4465,pca_score,-1.38331512296296,-0.623255332788526,0.352017937219731
4500,pca_score,-1.74972427140581,-0.788341690884843,0.282511210762332
4510,pca_score,-2.17428471898362,-0.979628230481967,0.217488789237668
4520,pca_score,-1.7738838408919,-0.799226832144505,0.278026905829596
4530,pca_score,0.655261105167737,0.295229171853442,0.623318385650224
4600,pca_score,-0.986344243369835,-0.444399326979653,0.414798206278027
4620,pca_score,-1.34481874172284,-0.605910712967143,0.36322869955157
4640,pca_score,-0.712231426850776,-0.320897261654685,0.457399103139013
4700,pca_score,0.296220691587902,0.133462811654239,0.580717488789238
4710,pca_score,1.55902656241235,0.702422465317383,0.721973094170404
4720,pca_score,0.0857248051617895,0.0386234785425486,0.558295964125561
4740,pca_score,2.24970659502905,1.01360970417072,0.800448430493274
4750,pca_score,0.38173040370339,0.171989379604307,0.596412556053812
4760,pca_score,0.506687036348979,0.228288834710999,0.614349775784753
4800,pca_score,3.75769687710961,1.69303767361768,0.957399103139013
4810,pca_score,1.52860322979325,0.688715173333591,0.7152466367713
4820,pca_score,2.77386639347697,1.24977092600157,0.867713004484305
4830,pca_score,3.34271426458408,1.50606644632634,0.928251121076233
4840,pca_score,1.34258429080184,0.60490397673673,0.697309417040359
4850,pca_score,2.93824672941839,1.3238328076946,0.890134529147982
4900,pca_score,0.182409325743511,0.082184878291862,0.562780269058296
4920,pca_score,1.29886986017452,0.58520835456357,0.690582959641256
4930,pca_score,2.40254785944641,1.08247263463174,0.822869955156951
4940,pca_score,4.59308734814894,2.06942448338577,0.977578475336323
4950,pca_score,1.14284663206501,0.514911784140885,0.674887892376682
5000,pca_score,2.83741147700327,1.27840128760381,0.878923766816144
5010,pca_score,2.5969362399794,1.17005469947594,0.84304932735426
5020,pca_score,2.98937791496624,1.34687006329565,0.908071748878924
5100,pca_score,3.84217996637582,1.73110169463614,0.961883408071749
5110,pca_score,2.85499103735772,1.28632179288644,0.881165919282511
5120,pca_score,3.1524713581199,1.42035213292751,0.917040358744395
5130,pca_score,0.0644929816672185,0.0290574389625921,0.553811659192825
5140,pca_score,3.82938130825603,1.72533523420114,0.959641255605381
5150,pca_score,2.9365749516978,1.32307958497456,0.887892376681614
5160,pca_score,1.4519092484607,0.654160550120977,0.70627802690583
5200,pca_score,3.31328151821205,1.49280546491258,0.926008968609865
5220,pca_score,3.47377125771104,1.56511443077304,0.937219730941704
5230,pca_score,2.86797706632848,1.29217267362462,0.885650224215247
5240,pca_score,3.5172415962462,1.58470007677692,0.941704035874439
5250,pca_score,2.67460890819409,1.20505027197646,0.854260089686099
5260,pca_score,2.94030557598554,1.32476042504012,0.89237668161435
5300,pca_score,1.77593967223595,0.800153090975355,0.755605381165919
5310,pca_score,2.96011721541186,1.33368659791191,0.901345291479821
5320,pca_score,1.12259129199433,0.505785701076417,0.670403587443946
5330,pca_score,2.86329048940374,1.29006112722975,0.883408071748879
5340,pca_score,2.66090556405362,1.19887620348635,0.852017937219731
5350,pca_score,3.73040932131193,1.68074321201066,0.955156950672646
5360,pca_score,2.33297095404391,1.05112462389204,0.81390134529148
5400,pca_score,2.28395342335529,1.02903967961963,0.804932735426009
5410,pca_score,1.71834224720122,0.774202458533129,0.751121076233184
5500,pca_score,1.96165842502151,0.883829038090361,0.775784753363229
5510,pca_score,-0.81893205677509,-0.368971439048034,0.441704035874439
5520,pca_score,2.4971993111735,1.1251180312343,0.829596412556054
5530,pca_score,-0.267228836604555,-0.120400474717519,0.504484304932736
5540,pca_score,-0.139580096564845,-0.0628880853618098,0.517937219730942
5550,pca_score,-0.660692105790345,-0.297676119800608,0.461883408071749
5560,pca_score,-1.74610429318731,-0.786710702622075,0.2847533632287
5600,pca_score,2.79702732983761,1.26020613115442,0.87219730941704
5610,pca_score,1.38554531598366,0.624260150613637,0.699551569506727
5620,pca_score,-1.50578023460969,-0.678432228238698,0.329596412556054
5630,pca_score,-0.0321178819326329,-0.0144707744895533,0.535874439461883
5700,pca_score,3.70393241587983,1.66881399051054,0.952914798206278
5810,pca_score,3.6126671818874,1.62769426092778,0.946188340807175
5820,pca_score,4.12753801327244,1.85967032049016,0.968609865470852
5840,pca_score,3.56006519969953,1.60399433502543,0.943946188340807
5850,pca_score,-1.50614294658879,-0.67859564882992,0.327354260089686
5860,pca_score,3.25366408678157,1.46594471464,0.92152466367713
5900,pca_score,0.00998099176398881,0.00449695535034719,0.547085201793722
5910,pca_score,5.69631859873957,2.56648747996227,0.991031390134529
5920,pca_score,5.04151851495359,2.2714660221936,0.982062780269058
5940,pca_score,2.79962829494003,1.26137800106574,0.874439461883408
6005,pca_score,-1.58450108000112,-0.713900059015203,0.311659192825112
6010,pca_score,-0.406177273411093,-0.18300396454044,0.493273542600897
6040,pca_score,-2.47200841653321,-1.11376822441035,0.145739910313901
6050,pca_score,-2.24675820501693,-1.01228130128718,0.195067264573991
6120,pca_score,-2.53055938434657,-1.1401484774155,0.132286995515695
6130,pca_score,-2.51260356247786,-1.13205844677208,0.139013452914798
6200,pca_score,-0.457069895023809,-0.205933734694166,0.484304932735426
6210,pca_score,-2.88303697944517,-1.29895794691883,0.0515695067264574
6220,pca_score,-3.02354719979076,-1.36226510136828,0.0336322869955157
6230,pca_score,-2.52811625049991,-1.13904771868499,0.134529147982063
6240,pca_score,-2.80667109689313,-1.26455114925315,0.0605381165919283
6250,pca_score,-3.30680158311109,-1.48988591748571,0.00448430493273543
6260,pca_score,-2.99224915496783,-1.34816370609114,0.0403587443946188
6320,pca_score,-2.34065255472123,-1.05458558409338,0.163677130044843
6330,pca_score,-2.91585488411579,-1.3137441180214,0.047085201793722
6355,pca_score,-1.66236162679732,-0.748980280577893,0.300448430493274
6360,pca_score,-2.79579895136161,-1.25965268283079,0.0650224215246637
6400,pca_score,-2.51750695109054,-1.13426767809678,0.136771300448431
6420,pca_score,-2.68958446525421,-1.21179753848448,0.0829596412556054
6440,pca_score,-2.64729810739409,-1.19274533728821,0.0964125560538117
6460,pca_score,-2.77337643687821,-1.24955017509822,0.0739910313901345
6515,pca_score,-3.17697434539568,-1.43139200174364,0.015695067264574
6520,pca_score,-2.53155599110334,-1.14059750053795,0.130044843049327
6530,pca_score,-3.2047361826071,-1.44390015176875,0.0134529147982063
6600,pca_score,-3.0616668267794,-1.37943997382517,0.0246636771300448
6660,pca_score,-0.0468128233727093,-0.0210916090814035,0.533632286995516
6700,pca_score,-2.0753678586899,-0.935061045711581,0.237668161434978
6710,pca_score,-3.01964768395881,-1.36050816688733,0.0358744394618834
6720,pca_score,-2.60598405225694,-1.17413120898447,0.112107623318386
6730,pca_score,-3.05399754151712,-1.37598456235815,0.0269058295964126
6740,pca_score,-3.20930912996486,-1.44596050214009,0.0112107623318386
6765,pca_score,-2.05439767133682,-0.925612886806625,0.239910313901345
6800,pca_score,-2.78158483848522,-1.25324848648825,0.0695067264573991
6820,pca_score,-2.21010703428846,-0.995768044668881,0.208520179372197
6830,pca_score,-2.45238903298108,-1.1049286727985,0.147982062780269
6840,pca_score,-2.87444104781758,-1.29508503312048,0.0538116591928251
6940,pca_score,-2.98246565032172,-1.34375572894781,0.0426008968609865
7000,pca_score,-0.011169061122416,-0.00503224232225293,0.542600896860987
7010,pca_score,-0.029517036836039,-0.0132989586470886,0.538116591928251
7020,pca_score,-0.866980400085843,-0.390619714052747,0.434977578475336
7030,pca_score,-0.91469592664141,-0.412118037817814,0.428251121076233
7040,pca_score,-2.17121629209362,-0.978245744748439,0.219730941704036
7100,pca_score,-0.760356286422196,-0.342580011210218,0.45067264573991
7110,pca_score,-1.54355487869075,-0.695451667972202,0.320627802690583
7120,pca_score,-1.26463614839756,-0.569784288801581,0.369955156950673
7130,pca_score,-1.11643025704503,-0.50300983473627,0.394618834080717
7140,pca_score,-2.28683127652221,-1.03033630198969,0.177130044843049
7150,pca_score,-2.64186401024445,-1.19029699419474,0.0986547085201794
7160,pca_score,-3.03850325719501,-1.36900358226822,0.031390134529148
7200,pca_score,-1.92023859357708,-0.865167252064591,0.262331838565022
7210,pca_score,-2.58727003198847,-1.16569957056989,0.116591928251121
7220,pca_score,-2.10668102794136,-0.949169255329557,0.230941704035874
7240,pca_score,-2.38444073801252,-1.07431443567346,0.15695067264574
7260,pca_score,-2.9221312614395,-1.31657195209381,0.0448430493273543
7300,pca_score,-2.10842239724335,-0.949953832672639,0.228699551569507
7315,pca_score,-1.93705749944742,-0.872745042982473,0.257847533632287
7320,pca_score,-1.85438511144317,-0.835496836957193,0.266816143497758
7330,pca_score,-1.18222780306066,-0.532655047716232,0.381165919282511
7340,pca_score,-1.81222221913706,-0.816500263407643,0.273542600896861
7350,pca_score,-1.70680374613855,-0.769003764323606,0.29372197309417
7360,pca_score,-2.67412010490856,-1.20483004070064,0.0896860986547085
7410,pca_score,-2.68085565253874,-1.20786475485223,0.0852017937219731
7420,pca_score,-2.36617532214894,-1.06608491685045,0.159192825112108
7430,pca_score,-0.70098104360475,-0.315828379490669,0.459641255605381
7510,pca_score,-1.24355225252513,-0.560284898300955,0.374439461883408
7540,pca_score,-2.25067669963468,-1.01404678669718,0.192825112107623
7560,pca_score,-2.43116876111692,-1.09536783782821,0.150224215246637
7610,pca_score,-2.90205537892216,-1.30752672398081,0.0493273542600897
7630,pca_score,-1.99209371114025,-0.897541715746786,0.248878923766816
7700,pca_score,1.16127808738875,0.523216112367247,0.677130044843049
7710,pca_score,-2.54527969518863,-1.14678074224101,0.125560538116592
7720,pca_score,-1.63413633383782,-0.736263319659512,0.307174887892377
7730,pca_score,-2.11025009572233,-0.950777305795173,0.226457399103139
7740,pca_score,-2.82352515189728,-1.27214477668198,0.0560538116591928
7750,pca_score,-2.67898256885737,-1.20702083333804,0.0874439461883408
7800,pca_score,-1.47456961419053,-0.664370222197577,0.338565022421525
7810,pca_score,-2.25955649337779,-1.01804759512657,0.188340807174888
7830,pca_score,-2.26714717310507,-1.02146759071614,0.183856502242152
7840,pca_score,-1.47215982089234,-0.663284485116354,0.340807174887892
7850,pca_score,-2.22823841035961,-1.00393717160139,0.199551569506726
7900,pca_score,0.31337555419643,0.141191968537248,0.585201793721973
7920,pca_score,-2.21834690865506,-0.999480536172257,0.201793721973094
7950,pca_score,-2.27361987898026,-1.0243838810012,0.181614349775785
8030,pca_score,-1.34610368343285,-0.606489645966424,0.360986547085202
8040,pca_score,-2.62422935717562,-1.18235166678194,0.103139013452915
8100,pca_score,-2.204115137048,-0.993068383654089,0.210762331838565
8130,pca_score,-1.64250909577332,-0.740035683916828,0.304932735426009
8140,pca_score,-2.51140046040776,-1.13151638678255,0.141255605381166
8220,pca_score,-1.73808314645922,-0.783096759283805,0.286995515695067
8250,pca_score,-0.149174935729292,-0.0672110589035731,0.515695067264574
8255,pca_score,-1.22269233340663,-0.550886420964643,0.376681614349776
8256,pca_score,-2.54590417609992,-1.14706210333634,0.123318385650224
8300,pca_score,-2.71431645178952,-1.22294058336464,0.0807174887892377
8310,pca_score,-3.10334160679145,-1.39821662742646,0.0201793721973094
8320,pca_score,-2.6639660193032,-1.2002550975817,0.0919282511210762
8330,pca_score,-2.60863825138755,-1.17532706359125,0.109865470852018
8350,pca_score,-2.31901654351839,-1.04483743695134,0.165919282511211
8420,pca_score,-2.21676560231994,-0.998768075511792,0.204035874439462
8450,pca_score,-2.29703945072657,-1.03493561483264,0.170403587443946
8460,pca_score,-1.94551696517922,-0.876556471804702,0.255605381165919
8500,pca_score,-1.97724190374735,-0.890850204893246,0.253363228699552
8510,pca_score,-2.62715223330265,-1.18366857433468,0.100896860986547
8530,pca_score,-2.58468590377723,-1.1645352865528,0.118834080717489
8540,pca_score,-2.1804108406844,-0.982388366589741,0.2152466367713
8550,pca_score,-1.56736058648736,-0.706177376155931,0.316143497757848
8600,pca_score,-1.44067987679104,-0.649101134763765,0.347533632286996
8610,pca_score,-1.66016906463549,-0.747992417409806,0.302690582959641
8620,pca_score,-1.85110939508004,-0.834020956546337,0.269058295964126
8630,pca_score,-1.48431475282259,-0.668760913458282,0.336322869955157
8640,pca_score,-1.67514148285353,-0.75473826970639,0.295964125560538
8650,pca_score,-2.02357770270916,-0.911726889693818,0.242152466367713
8710,pca_score,-2.25200453642993,-1.01464504616096,0.190582959641256
8720,pca_score,-2.31401808102614,-1.04258536990435,0.168161434977579
8730,pca_score,-1.78622235931613,-0.804785975740175,0.275784753363229
8740,pca_score,0.265119095708969,0.11944992683284,0.57847533632287
8750,pca_score,-1.50053002655198,-0.676066736735066,0.331838565022422
8760,pca_score,-2.2764353262199,-1.02565238625872,0.179372197309417
8800,pca_score,-2.81389430960569,-1.2678055818609,0.0582959641255605
8810,pca_score,-3.3559915870434,-1.51204856991522,0.00224215246636771
8830,pca_score,-1.09559667044254,-0.493623221566524,0.399103139013453
8850,pca_score,-2.41076392477168,-1.086174398925,0.152466367713004
8860,pca_score,-2.24122895113907,-1.00979008514379,0.197309417040359
8910,pca_score,-2.21275015156732,-0.996958906325701,0.20627802690583
8920,pca_score,-2.53697172731021,-1.14303757107277,0.12780269058296
8930,pca_score,-2.61720136720873,-1.17918519216387,0.105381165919283
8940,pca_score,-3.21740160803491,-1.44960658395393,0.00896860986547085
8950,pca_score,-2.80526730053089,-1.26391866605797,0.062780269058296
8965,pca_score,-1.52420352633455,-0.686732878339628,0.325112107623318
9000,pca_score,-1.6738724683705,-0.75416651275036,0.298206278026906
9030,pca_score,-0.836581246998914,-0.376923316204439,0.439461883408072
9040,pca_score,0.0792389664710845,0.0357012712417785,0.556053811659193
9050,pca_score,-0.878644330506813,-0.395874920704846,0.432735426008969
9110,pca_score,-2.54601777761384,-1.1471132867205,0.121076233183857
9120,pca_score,-1.16607084708773,-0.525375499618624,0.383408071748879
9130,pca_score,-1.143570224518,-0.515237800135078,0.390134529147982
9140,pca_score,-1.07703990306296,-0.48526243374844,0.403587443946188
9200,pca_score,-1.16444024474676,-0.524640828546358,0.385650224215247
9260,pca_score,-1.71549441229879,-0.772919360950825,0.291479820627803
9300,pca_score,-1.98115177334572,-0.892611804283898,0.251121076233184
9310,pca_score,-1.00660070260467,-0.453525914285719,0.410313901345292
9350,pca_score,-1.73321398795676,-0.780902950402174,0.289237668161435
9360,pca_score,-2.60231075705703,-1.1724761986515,0.114349775784753
9410,pca_score,-0.394152695828332,-0.177586267604594,0.497757847533632
9415,pca_score,0.000745896960058112,0.000336065333451493,0.544843049327354
9420,pca_score,-0.407249419120089,-0.183487021885484,0.491031390134529
9510,pca_score,-2.40599248956995,-1.08402461946754,0.154708520179372
9520,pca_score,-2.7403352112814,-1.2346633863158,0.07847533632287
9560,pca_score,-2.19845351963566,-0.99051753086149,0.213004484304933
9600,pca_score,-3.04023137114833,-1.36978218738805,0.0291479820627803
9610,pca_score,-3.00871448291069,-1.35558219178261,0.0381165919282511
9620,pca_score,-2.79562644834103,-1.25957496125765,0.0672645739910314
9630,pca_score,-2.3412222139398,-1.05484224516789,0.161434977578475
9640,pca_score,-2.29454022166434,-1.0338095822931,0.174887892376682
9650,pca_score,-2.09073493739306,-0.941984713061222,0.23542600896861
9720,pca_score,-2.10103773319178,-0.946626657848486,0.233183856502242
9750,pca_score,-2.12487657208495,-0.957367293312539,0.224215246636771
